PlayerSeasonID,Season,PlayerID,Name,WorldGolfRank,WorldGolfRankLastWeek,Events,AveragePoints,TotalPoints,PointsLost,PointsGained
9601,2024,40001274,Scottie Scheffler,2.0,2.0,55,20.5,862.9,0.0,0.0
9606,2024,40001638,Xander Schauffele,3.0,3.0,57,12.1,522.5,0.0,0.0
9602,2024,40000965,Rory McIlroy,5.0,5.0,62,10.1,475.0,0.0,0.0
9613,2024,40002471,Collin Morikawa,7.0,7.0,58,9.4,313.7,0.0,0.0
9629,2024,40003252,Ludvig Aberg,9.0,9.0,51,9.2,280.1,0.0,0.0
9646,2024,40000017,Hideki Matsuyama,10.0,10.0,59,8.2,279.9,0.0,0.0
9610,2024,40002651,Wyndham Clark,12.0,12.0,61,8.0,281.5,0.0,0.0
9604,2024,40003218,Viktor Hovland,11.0,11.0,53,7.5,228.8,0.0,0.0
9614,2024,40000432,Tommy Fleetwood,12.0,12.0,68,6.6,259.7,0.0,0.0
9755,2024,40000322,Bryson DeChambeau,13.0,13.0,12,6.5,198.6,0.0,0.0
9605,2024,40000216,Patrick Cantlay,14.0,14.0,50,6.1,185.4,0.0,0.0
9616,2024,40000152,Keegan Bradley,16.0,16.0,59,6.1,208.0,0.0,0.0
9632,2024,40002486,Sahith Theegala,17.0,17.0,67,6.1,235.3,0.0,0.0
9656,2024,40002950,Robert MacIntyre,18.0,18.0,78,5.8,231.1,0.0,0.0
9612,2024,40000596,Tyrrell Hatton,20.0,20.0,49,5.7,174.4,0.0,0.0
9663,2024,40000016,Billy Horschel,21.0,21.0,66,5.7,217.9,0.0,0.0
9624,2024,40000615,Russell Henley,22.0,22.0,54,5.6,174.5,0.0,0.0
9644,2024,40000010,Adam Scott,24.0,24.0,63,5.2,191.2,0.0,0.0
9626,2024,40001434,Justin Thomas,25.0,26.0,57,5.0,164.2,0.0,0.0
9621,2024,40000194,Sam Burns,26.0,25.0,59,5.0,171.4,0.0,0.0
9611,2024,40004287,Joo-Hyung Kim,28.0,28.0,71,5.0,197.9,0.0,0.0
9664,2024,40002578,Aaron Rai,29.0,29.0,75,5.0,196.0,0.0,0.0
9627,2024,40002605,Sung-Jae Im,30.0,32.0,75,4.8,188.4,0.0,0.0
9660,2024,40000045,Byeong-Hun An,32.0,33.0,62,4.7,168.4,0.0,0.0
9603,2024,40001199,Jon Rahm,33.0,30.0,38,4.7,143.3,0.0,0.0
9620,2024,40000423,Tony Finau,34.0,34.0,59,4.6,156.7,0.0,0.0
9639,2024,40000890,Shane Lowry,36.0,36.0,66,4.5,173.1,0.0,0.0
9609,2024,40000585,Brian Harman,37.0,37.0,67,4.5,174.1,0.0,0.0
9710,2024,40003519,Akshay Bhatia,38.0,38.0,72,4.4,175.4,0.0,0.0
9784,2024,40000977,Maverick McNealy,40.0,40.0,55,4.3,137.4,0.0,0.0
9693,2024,40002576,Matthieu Pavon,41.0,41.0,72,4.2,167.7,0.0,0.0
10602,2024,40004698,Nick Dunlap,42.0,42.0,34,4.2,126.5,0.0,0.0
9643,2024,40001971,JT Poston,43.0,43.0,67,4.0,154.4,0.0,0.0
9785,2024,40002648,Max Greyserman,45.0,46.0,65,4.0,147.2,0.0,0.0
9694,2024,40003612,Austin Eckroat,46.0,45.0,67,3.9,153.1,0.0,0.0
9618,2024,40002785,Sepp Straka,47.0,47.0,71,3.9,153.2,0.0,0.0
9685,2024,40003220,Rasmus Hojgaard,49.0,51.0,62,3.8,137.4,0.0,0.0
9619,2024,40000314,Jason Day,50.0,49.0,55,3.8,122.4,0.0,0.0
9622,2024,40003609,Cameron Young,51.0,50.0,62,3.8,136.7,0.0,0.0
9635,2024,40000270,Corey Conners,53.0,54.0,61,3.8,132.1,0.0,0.0
9607,2024,40000638,Max Homa,54.0,53.0,61,3.7,131.4,0.0,0.0
9717,2024,40003769,Davis Thompson,55.0,57.0,66,3.7,142.2,0.0,0.0
9608,2024,40000430,Matt Fitzpatrick,57.0,55.0,66,3.7,141.6,0.0,0.0
9634,2024,40000946,Denny McCarthy,58.0,58.0,61,3.7,128.9,0.0,0.0
9681,2024,40002899,Thriston Lawrence,59.0,59.0,83,3.6,140.7,0.0,0.0
10030,2024,40005036,Matthew McCarty,61.0,62.0,71,3.5,138.8,0.0,0.0
9636,2024,40000013,Justin Rose,62.0,61.0,61,3.5,122.3,0.0,0.0
9702,2024,40001132,Taylor Pendrith,63.0,63.0,68,3.5,137.9,0.0,0.0
9633,2024,40002925,Min Woo Lee,65.0,65.0,65,3.4,128.3,0.0,0.0
9630,2024,40000509,Lucas Glover,66.0,66.0,71,3.4,133.6,0.0,0.0
9642,2024,40002474,Cam Davis,67.0,68.0,68,3.3,132.0,0.0,0.0
9652,2024,40000011,Chris Kirk,68.0,67.0,61,3.3,116.7,0.0,0.0
9701,2024,40000695,Stephan Jaeger,70.0,70.0,68,3.3,131.7,0.0,0.0
9655,2024,40001064,Alexander Noren,71.0,71.0,65,3.3,122.5,0.0,0.0
9704,2024,40002583,Christiaan Bezuidenhout,72.0,72.0,72,3.2,128.4,0.0,0.0
9666,2024,40000659,Mackenzie Hughes,74.0,74.0,68,3.2,125.2,0.0,0.0
9641,2024,40002026,Eric Cole,75.0,75.0,83,3.1,124.3,0.0,0.0
9650,2024,40003193,Nicolai Hojgaard,76.0,76.0,72,3.1,121.0,0.0,0.0
9649,2024,40000561,Adam Hadwin,78.0,78.0,62,3.0,106.7,0.0,0.0
9647,2024,40000764,Si Woo Kim,79.0,79.0,67,2.9,114.1,0.0,0.0
9667,2024,40002569,Matt Wallace,80.0,80.0,80,2.9,115.4,0.0,0.0
9690,2024,40002573,Thomas Detry,82.0,82.0,71,2.9,114.8,0.0,0.0
9638,2024,40001620,Will Zalatoris,83.0,83.0,40,2.9,87.3,0.0,0.0
9851,2024,40003151,Kevin Yu,84.0,88.0,58,2.9,95.8,0.0,0.0
9696,2024,40002343,Ben Griffin,86.0,86.0,83,2.8,111.6,0.0,0.0
9680,2024,40001089,Thorbjorn Olesen,87.0,84.0,70,2.8,111.6,0.0,0.0
9661,2024,40000634,Tom Hoge,88.0,87.0,75,2.8,110.2,0.0,0.0
9988,2024,40003315,Nicolas Echavarria,90.0,92.0,74,2.8,109.6,0.0,0.0
9615,2024,40000004,Jordan Spieth,91.0,90.0,58,2.7,91.4,0.0,0.0
9651,2024,40001424,Nick Taylor,92.0,91.0,66,2.7,103.3,0.0,0.0
9631,2024,40002249,Kurt Kitayama,94.0,94.0,57,2.7,88.1,0.0,0.0
9665,2024,40002644,Joaquin Niemann,95.0,95.0,24,2.7,81.8,0.0,0.0
9640,2024,40000387,Harris English,96.0,96.0,63,2.6,95.0,0.0,0.0
9623,2024,40000003,Rickie Fowler,97.0,97.0,61,2.6,89.7,0.0,0.0
9687,2024,40002547,Erik Van Rooyen,99.0,99.0,75,2.5,100.0,0.0,0.0
9727,2024,40000810,Romain Langasque,100.0,100.0,78,2.5,98.6,0.0,0.0
10060,2024,40001495,Jhonattan Vegas,101.0,101.0,42,2.5,75.5,0.0,0.0
9670,2024,40002711,Victor Perez,103.0,103.0,67,2.4,94.2,0.0,0.0
9625,2024,40001333,Cameron Smith,104.0,105.0,22,2.4,73.7,0.0,0.0
9679,2024,40000647,Beau Hossler,105.0,107.0,71,2.4,95.6,0.0,0.0
9653,2024,40002348,Taylor Moore,107.0,104.0,67,2.4,93.4,0.0,0.0
10162,2024,40003541,Max McGreevy,108.0,108.0,79,2.3,92.5,0.0,0.0
9673,2024,40002515,Jordan L. Smith,109.0,111.0,74,2.2,88.9,0.0,0.0
9628,2024,40000448,Ryan Fox,111.0,109.0,70,2.2,88.9,0.0,0.0
9774,2024,40000775,Jake Knapp,112.0,113.0,62,2.2,79.1,0.0,0.0
9637,2024,40000540,Emiliano Grillo,113.0,112.0,67,2.2,85.7,0.0,0.0
10729,2024,40005952,Luke Clanton,115.0,119.0,11,2.2,65.7,0.0,0.0
9951,2024,40000917,Matteo Manassero,116.0,117.0,72,2.2,85.1,0.0,0.0
9659,2024,40003242,Lee Hodges,117.0,116.0,71,2.2,84.9,0.0,0.0
9617,2024,40000007,Brooks Koepka,119.0,115.0,16,2.1,65.3,0.0,0.0
9695,2024,40001232,Patrick Rodgers,120.0,120.0,74,2.1,84.3,0.0,0.0
9801,2024,40003037,Doug Ghim,121.0,122.0,71,2.1,84.0,0.0,0.0
9923,2024,40002773,Niklas Norgaard Moller,122.0,121.0,74,2.1,84.0,0.0,0.0
10127,2024,40004738,Rasmus Neergaard-Petersen,124.0,124.0,55,2.1,67.2,0.0,0.0
9830,2024,40001522,Paul Waring,125.0,128.0,67,2.1,80.8,0.0,0.0
9676,2024,40004833,Ryo Hisatsune,126.0,126.0,86,2.1,82.1,0.0,0.0
9675,2024,40001680,Keith Mitchell,128.0,125.0,67,2.1,80.4,0.0,0.0
9828,2024,40003465,Vince Whaley,129.0,129.0,55,2.0,65.6,0.0,0.0
10099,2024,40001123,John Parry,130.0,134.0,71,2.0,80.8,0.0,0.0
9698,2024,40000657,Mark Hubbard,132.0,130.0,80,2.0,80.6,0.0,0.0
9839,2024,40005631,David Puig,133.0,132.0,29,2.0,62.0,0.0,0.0
9708,2024,40000210,Jorge Campillo,134.0,137.0,84,2.0,80.3,0.0,0.0
9728,2024,40003650,Matthias Schmid,136.0,136.0,87,2.0,80.3,0.0,0.0
9657,2024,40001447,Brendon Todd,137.0,133.0,68,2.0,79.6,0.0,0.0
9875,2024,40000772,Patton Kizzire,138.0,138.0,67,2.0,77.7,0.0,0.0
9882,2024,40004334,Jesper Svensson,140.0,140.0,71,2.0,79.1,0.0,0.0
9772,2024,40001109,Cheng Tsung Pan,141.0,142.0,49,2.0,59.9,0.0,0.0
9757,2024,40003725,Harry Hall,142.0,144.0,70,2.0,77.8,0.0,0.0
9645,2024,40001686,Adam Schenk,144.0,141.0,79,2.0,77.5,0.0,0.0
9762,2024,40003147,Tom McKibbin,145.0,145.0,74,1.9,76.6,0.0,0.0
9818,2024,40000887,Justin Lower,146.0,146.0,78,1.9,76.3,0.0,0.0
9854,2024,40005256,Kensei Hirata,148.0,150.0,71,1.9,75.0,0.0,0.0
9740,2024,40001224,Davis Riley,149.0,148.0,68,1.9,75.0,0.0,0.0
9748,2024,40002741,Rico Hoey,149.0,149.0,71,1.9,75.0,0.0,0.0
9672,2024,40001861,Dean Burmester,151.0,151.0,25,1.9,57.6,0.0,0.0
9871,2024,40003655,Patrick Fishburn,153.0,154.0,67,1.9,73.1,0.0,0.0
9688,2024,40003373,Keita Nakajima,154.0,153.0,63,1.9,68.6,0.0,0.0
9761,2024,40000546,Julien Guerrier,155.0,157.0,68,1.9,74.2,0.0,0.0
9691,2024,40001353,J.J. Spaun,157.0,155.0,68,1.9,73.8,0.0,0.0
9812,2024,40003285,Matthew Jordan,158.0,158.0,70,1.8,73.1,0.0,0.0
9686,2024,40000869,Luke List,159.0,159.0,70,1.8,72.3,0.0,0.0
9654,2024,40000014,Matt Kuchar,161.0,161.0,66,1.8,69.2,0.0,0.0
9889,2024,40002911,Andrew Novak,162.0,162.0,68,1.8,71.6,0.0,0.0
10011,2024,40002536,Shaun Norris,163.0,166.0,78,1.8,71.2,0.0,0.0
9775,2024,40000215,Laurie Canter,165.0,165.0,40,1.8,54.5,0.0,0.0
10205,2024,40000115,Daniel Berger,166.0,171.0,34,1.8,54.4,0.0,0.0
9995,2024,40002587,Johannes Veerman,167.0,170.0,67,1.8,69.2,0.0,0.0
9674,2024,40000002,Patrick Reed,169.0,163.0,25,1.8,54.2,0.0,0.0
9742,2024,40002360,Sebastian Söderberg,170.0,167.0,65,1.8,66.1,0.0,0.0
9899,2024,40000632,Charley Hoffman,171.0,169.0,62,1.8,63.3,0.0,0.0
9682,2024,40001685,Seamus Power,173.0,174.0,66,1.8,67.1,0.0,0.0
9838,2024,40000915,Peter Malnati,174.0,175.0,78,1.8,69.4,0.0,0.0
10079,2024,40002200,John Catlin,175.0,178.0,68,1.8,69.4,0.0,0.0
9716,2024,40000783,Ben Kohles,176.0,176.0,68,1.7,69.1,0.0,0.0
9648,2024,40002818,Adrian Meronk,178.0,173.0,50,1.7,53.0,0.0,0.0
10046,2024,40005759,Yubin Jang,179.0,179.0,50,1.7,52.8,0.0,0.0
9658,2024,40001414,Adam Svensson,180.0,180.0,79,1.7,67.8,0.0,0.0
9844,2024,40002617,Ben Campbell,182.0,183.0,41,1.7,51.8,0.0,0.0
9715,2024,40002913,Takumi Kanaya,183.0,182.0,70,1.7,67.3,0.0,0.0
10174,2024,40001476,Peter Uihlein,184.0,187.0,22,1.7,51.5,0.0,0.0
9737,2024,40003116,Ewen Ferguson,186.0,184.0,74,1.7,66.5,0.0,0.0
9731,2024,40004729,Sam Stevens,187.0,186.0,76,1.7,66.2,0.0,0.0
9837,2024,40002829,Guido Migliozzi,188.0,188.0,68,1.7,65.9,0.0,0.0
9726,2024,40002744,Antoine Rozner,190.0,191.0,70,1.6,64.4,0.0,0.0
9819,2024,40004329,Carson Young,191.0,194.0,74,1.6,64.2,0.0,0.0
9662,2024,40001189,Andrew Putnam,192.0,190.0,68,1.6,64.0,0.0,0.0
9689,2024,40002721,Rikuya Hoshino,194.0,192.0,67,1.6,62.7,0.0,0.0
9958,2024,40001864,Frankie Capan,195.0,195.0,65,1.6,58.9,0.0,0.0
9849,2024,40003717,Chandler Phillips,196.0,196.0,66,1.6,59.6,0.0,0.0
9898,2024,40004527,Mac Meissner,198.0,198.0,63,1.6,57.1,0.0,0.0
9781,2024,40000868,David Lipsky,199.0,199.0,71,1.5,60.7,0.0,0.0
9955,2024,40003253,Tim Widing,200.0,202.0,65,1.5,56.4,0.0,0.0
9759,2024,40001309,Benjamin Silverman,202.0,200.0,58,1.5,50.5,0.0,0.0
9794,2024,40004911,Daniel Brown,203.0,204.0,72,1.5,59.4,0.0,0.0
9725,2024,40000763,Michael Kim,204.0,203.0,70,1.5,59.2,0.0,0.0
9724,2024,40002636,Chan Kim,205.0,205.0,68,1.5,58.9,0.0,0.0
9678,2024,40000836,Kyoung-Hoon Lee,207.0,207.0,76,1.5,58.8,0.0,0.0
9915,2024,40003578,Frederic Lacroix,208.0,208.0,67,1.5,57.1,0.0,0.0
10628,2024,40002670,Joe Dean,209.0,212.0,32,1.5,44.6,0.0,0.0
10194,2024,40005038,Steven Fisk,211.0,211.0,63,1.5,53.4,0.0,0.0
9707,2024,40003478,Sami Valimaki,212.0,209.0,70,1.5,57.7,0.0,0.0
9824,2024,40004823,Joe Highsmith,213.0,213.0,61,1.4,50.7,0.0,0.0
9894,2024,40004675,Taylor Dickson,215.0,215.0,65,1.4,53.6,0.0,0.0
9719,2024,40003219,Alex Fitzpatrick,216.0,216.0,72,1.4,56.3,0.0,0.0
9749,2024,40005310,Dan Bradbury,217.0,217.0,74,1.4,55.7,0.0,0.0
9962,2024,40000211,Rafael Campos,219.0,221.0,71,1.4,54.6,0.0,0.0
9699,2024,40000129,Zac Blair,220.0,219.0,65,1.4,51.4,0.0,0.0
10199,2024,40005227,William Mouw,221.0,220.0,46,1.4,41.8,0.0,0.0
10021,2024,40002004,Harry Higgs,223.0,223.0,66,1.4,52.1,0.0,0.0
9974,2024,40005452,Yuta Sugiura,224.0,224.0,41,1.4,41.6,0.0,0.0
10031,2024,40003056,Angel Hidalgo,225.0,225.0,78,1.4,53.6,0.0,0.0
9705,2024,40002367,Adrián Otaegui,227.0,227.0,78,1.3,52.3,0.0,0.0
9700,2024,40003920,Yannik Paul,228.0,228.0,75,1.3,52.0,0.0,0.0
9751,2024,40001308,Marcel Siem,229.0,229.0,62,1.3,46.4,0.0,0.0
9706,2024,40003764,Alejandro Tosti,229.0,230.0,71,1.3,51.3,0.0,0.0
10145,2024,40003751,David Ravetto,232.0,232.0,75,1.3,51.0,0.0,0.0
10202,2024,40003594,Michael Thorbjornsen,233.0,234.0,22,1.3,39.1,0.0,0.0
9872,2024,40000385,Nacho Elvira,234.0,233.0,75,1.3,50.6,0.0,0.0
9683,2024,40002645,Alex Smalley,236.0,236.0,72,1.3,50.3,0.0,0.0
10081,2024,40002335,Hayden Springer,237.0,237.0,50,1.3,38.7,0.0,0.0
10115,2024,40003862,Thomas Rosenmuller,238.0,240.0,65,1.2,47.1,0.0,0.0
9730,2024,40003586,Seong-Hyeon Kim,240.0,238.0,83,1.2,49.9,0.0,0.0
9883,2024,40001065,Henrik Norlander,241.0,241.0,66,1.2,46.7,0.0,0.0
9800,2024,40002910,Greyson Sigg,242.0,245.0,72,1.2,48.4,0.0,0.0
10009,2024,40004871,Sam Bairstow,244.0,246.0,75,1.2,48.3,0.0,0.0
9787,2024,40000817,Nate Lashley,245.0,244.0,70,1.2,48.2,0.0,0.0
10672,2024,40005438,Angel Ayora Fanegas,246.0,249.0,46,1.2,37.0,0.0,0.0
9677,2024,40002491,Alexander Björk,248.0,242.0,59,1.2,41.3,0.0,0.0
9798,2024,40005133,Jacob Bridgeman,249.0,248.0,67,1.2,46.8,0.0,0.0
9892,2024,40001402,Andy Sullivan,250.0,252.0,80,1.2,47.2,0.0,0.0
9817,2024,40005060,Christopher Gotterup,252.0,250.0,67,1.2,46.2,0.0,0.0
9782,2024,40000686,Ryo Ishikawa,252.0,255.0,62,1.2,42.5,0.0,0.0
9795,2024,40002429,Shugo Imahira,254.0,258.0,62,1.2,42.5,0.0,0.0
9736,2024,40002666,Connor Syme,255.0,255.0,74,1.2,46.8,0.0,0.0
9735,2024,40000441,Grant Forrest,257.0,254.0,66,1.2,44.9,0.0,0.0
9723,2024,40004700,Pierceson Coody,258.0,259.0,72,1.2,46.7,0.0,0.0
10276,2024,40000205,Brian Campbell,259.0,261.0,65,1.2,43.8,0.0,0.0
9668,2024,40002752,Lucas Herbert,261.0,253.0,41,1.2,35.6,0.0,0.0
9729,2024,40001092,Louis Oosthuizen,262.0,262.0,17,1.2,35.5,0.0,0.0
9692,2024,40001594,Gary Woodland,263.0,262.0,58,1.1,38.8,0.0,0.0
10072,2024,40000482,Brice Garnett,265.0,265.0,55,1.1,37.0,0.0,0.0
10240,2024,40000266,Nicolas Colsaerts,266.0,266.0,55,1.1,36.9,0.0,0.0
10515,2024,40004384,Elvis Smylie,267.0,270.0,40,1.1,34.9,0.0,0.0
10430,2024,40004896,Robin Williams,269.0,267.0,78,1.1,45.3,0.0,0.0
9809,2024,40005233,Adrien Dumont De Chassart,270.0,269.0,54,1.1,35.3,0.0,0.0
9803,2024,40005232,Ryan Gerard,271.0,271.0,70,1.1,44.5,0.0,0.0
9703,2024,40001870,Sam Ryder,273.0,273.0,72,1.1,44.3,0.0,0.0
9944,2024,40002760,Ugo Coussaud,274.0,274.0,72,1.1,44.3,0.0,0.0
10092,2024,40003690,Takahiro Hataji,275.0,277.0,66,1.1,42.4,0.0,0.0
9855,2024,40001324,David Skinns,277.0,275.0,62,1.1,39.6,0.0,0.0
9773,2024,40002557,Jeff Winther,278.0,278.0,66,1.1,41.9,0.0,0.0
10149,2024,40001560,Bernd Wiesberger,279.0,282.0,37,1.1,33.0,0.0,0.0
10734,2024,40006004,John Keefer,281.0,283.0,14,1.1,33.0,0.0,0.0
9739,2024,40003614,Daniel Hillier,282.0,279.0,72,1.1,42.8,0.0,0.0
9791,2024,40002607,Shubhankar Sharma,283.0,279.0,68,1.1,42.8,0.0,0.0
9919,2024,40000839,Richard T. Lee,284.0,286.0,72,1.1,42.7,0.0,0.0
10608,2024,40005299,Aldrich Potgieter,286.0,288.0,46,1.1,32.8,0.0,0.0
9771,2024,40003653,Richard Mansell,287.0,284.0,70,1.1,42.6,0.0,0.0
10302,2024,40001666,Wesley Bryan,288.0,292.0,47,1.1,32.6,0.0,0.0
10012,2024,40003581,Lee Chieh-Po,290.0,294.0,50,1.1,32.6,0.0,0.0
9745,2024,40001390,Kevin Streelman,291.0,290.0,63,1.1,38.9,0.0,0.0
9718,2024,40000893,Joost Luiten,292.0,287.0,68,1.1,42.1,0.0,0.0
9940,2024,40003367,David Micheluzzi,294.0,295.0,63,1.1,38.8,0.0,0.0
9879,2024,40003065,Cristobal Del Solar,295.0,296.0,71,1.1,41.8,0.0,0.0
9684,2024,40003667,Taylor Montgomery,296.0,291.0,58,1.0,35.3,0.0,0.0
10213,2024,40003589,Suteepat Prateeptienchai,298.0,311.0,66,1.0,39.8,0.0,0.0
10718,2024,40005865,Neal Shipley,299.0,298.0,20,1.0,31.8,0.0,0.0
9935,2024,40002579,Adrien Saddier,300.0,300.0,65,1.0,38.9,0.0,0.0
10287,2024,40003665,Alistair Docherty,302.0,302.0,63,1.0,38.0,0.0,0.0
10311,2024,40005250,Hamish Brown,303.0,304.0,57,1.0,34.0,0.0,0.0
9908,2024,40005078,Jackson Suber,304.0,299.0,59,1.0,35.5,0.0,0.0
10075,2024,40004304,Kevin Roy,306.0,303.0,70,1.0,41.0,0.0,0.0
9808,2024,40002924,Sean Crocker,307.0,307.0,67,1.0,40.0,0.0,0.0
9831,2024,40002678,Trace Crowe,308.0,304.0,62,1.0,36.8,0.0,0.0
9876,2024,40004876,Yuto Katsuragawa,309.0,308.0,65,1.0,38.3,0.0,0.0
9741,2024,40002371,Zander Lombard,311.0,309.0,63,1.0,36.8,0.0,0.0
9767,2024,40000302,Joel Dahmen,312.0,313.0,68,1.0,39.7,0.0,0.0
10726,2024,40005697,Frederik Kjettrup,313.0,316.0,17,1.0,30.5,0.0,0.0
9711,2024,40005292,Taiga Semikawa,315.0,315.0,76,1.0,39.5,0.0,0.0
9671,2024,40003684,Vincent Norrman,316.0,312.0,63,1.0,36.4,0.0,0.0
9783,2024,40003225,Yechun Yuan,317.0,317.0,68,1.0,39.3,0.0,0.0
9952,2024,40002775,Minkyu Kim,319.0,320.0,76,1.0,39.3,0.0,0.0
10761,2024,40005626,Karl Vilips,320.0,324.0,18,1.0,30.1,0.0,0.0
10400,2024,40004311,John Pak,321.0,321.0,45,1.0,30.1,0.0,0.0
9669,2024,40002378,Justin Suh,323.0,319.0,74,1.0,38.8,0.0,0.0
9776,2024,40003629,Dylan Wu,324.0,323.0,72,1.0,38.8,0.0,0.0
10044,2024,40003721,Isaiah Salinda,325.0,325.0,61,1.0,34.3,0.0,0.0
9947,2024,40002633,Marcus Kinhult,327.0,327.0,65,1.0,36.5,0.0,0.0
10103,2024,40001632,Brandon Stone,328.0,328.0,79,1.0,38.3,0.0,0.0
10080,2024,40001148,Paul Peterson,329.0,331.0,75,1.0,38.2,0.0,0.0
9768,2024,40000802,Martin Laird,331.0,329.0,66,1.0,36.6,0.0,0.0
10704,2024,40002638,Braden Thornberry,332.0,332.0,41,1.0,29.2,0.0,0.0
10005,2024,40003202,Ryosuke Kinoshita,333.0,333.0,78,1.0,37.8,0.0,0.0
9747,2024,40001053,Matthew NeSmith,335.0,335.0,71,0.9,37.4,0.0,0.0
9994,2024,40001975,Francesco Laporta,336.0,338.0,76,0.9,37.3,0.0,0.0
10074,2024,40004369,Quade Cummins,337.0,336.0,67,0.9,36.5,0.0,0.0
9786,2024,40003156,Calum Hill,338.0,337.0,70,0.9,36.9,0.0,0.0
9956,2024,40002564,Darius Van Driel,340.0,340.0,72,0.9,36.9,0.0,0.0
9750,2024,40000584,Nick Hardy,341.0,342.0,78,0.9,36.4,0.0,0.0
9977,2024,40004526,Sam Bennett,342.0,341.0,47,0.9,27.9,0.0,0.0
10025,2024,40002167,Joakim Lagergren,344.0,344.0,55,0.9,28.8,0.0,0.0
10038,2024,40004309,Ricky Castillo,345.0,345.0,49,0.9,27.1,0.0,0.0
9869,2024,40000689,Hiroshi Iwata,346.0,348.0,71,0.9,35.3,0.0,0.0
9967,2024,40003870,Brandon Robinson-Thompson,348.0,346.0,58,0.9,29.8,0.0,0.0
10051,2024,40004342,Taisei Shimizu,349.0,352.0,63,0.9,32.5,0.0,0.0
9810,2024,40001016,Ryan Moore,350.0,349.0,70,0.9,35.0,0.0,0.0
9746,2024,40001303,Robby Shelton,352.0,350.0,70,0.9,34.9,0.0,0.0
9842,2024,40002770,Travis Smyth,353.0,353.0,47,0.9,26.7,0.0,0.0
9953,2024,40001417,Miguel Tabuena,354.0,354.0,46,0.9,26.6,0.0,0.0
9998,2024,40001473,Kevin Tway,356.0,357.0,68,0.9,34.3,0.0,0.0
9813,2024,40001202,Chad Ramey,357.0,358.0,72,0.8,34.2,0.0,0.0
10069,2024,40003059,Alfredo Garcia-Heredia,358.0,361.0,59,0.8,29.5,0.0,0.0
9811,2024,40002421,Young-Han Song,360.0,360.0,71,0.8,34.1,0.0,0.0
10218,2024,40003213,Zachary Bauchou,361.0,362.0,53,0.8,26.2,0.0,0.0
9721,2024,40003346,Hayden Buckley,362.0,356.0,65,0.8,31.9,0.0,0.0
9793,2024,40003470,Todd Clements,363.0,366.0,72,0.8,33.4,0.0,0.0
9885,2024,40002203,Aaron Cockerill,365.0,365.0,68,0.8,33.3,0.0,0.0
10230,2024,40003325,Danny Walker,366.0,367.0,53,0.8,25.5,0.0,0.0
9697,2024,40000815,Pablo Larrazábal,367.0,363.0,59,0.8,28.6,0.0,0.0
10191,2024,40003471,Conor Purcell,369.0,369.0,70,0.8,33.1,0.0,0.0
10751,2024,40006028,Ren Yonezawa,370.0,374.0,67,0.8,31.9,0.0,0.0
9760,2024,40000560,Chesson Hadley,371.0,370.0,66,0.8,31.3,0.0,0.0
9847,2024,40002492,Jimmy Stanger,373.0,371.0,49,0.8,24.8,0.0,0.0
9835,2024,40000155,Joseph Bramlett,374.0,375.0,61,0.8,28.5,0.0,0.0
9754,2024,40001203,Richie Ramsay,374.0,378.0,66,0.8,31.0,0.0,0.0
10271,2024,40005099,Kevin Velo,377.0,379.0,65,0.8,30.3,0.0,0.0
9712,2024,40001211,Chez Reavie,378.0,373.0,70,0.8,32.1,0.0,0.0
9758,2024,40001351,Matthew Southgate,379.0,381.0,84,0.8,32.1,0.0,0.0
9848,2024,40000924,Ben Martin,381.0,377.0,53,0.8,24.6,0.0,0.0
9866,2024,40003058,Alejandro Del Rey,382.0,382.0,67,0.8,31.3,0.0,0.0
10801,2024,40006049,Ryggs Johnston,383.0,391.0,18,0.8,24.4,0.0,0.0
9993,2024,40001129,Andrea Pavan,385.0,383.0,78,0.8,31.7,0.0,0.0
9853,2024,40001621,Fabrizio Zanotti,386.0,385.0,62,0.8,28.6,0.0,0.0
9909,2024,40003771,Jayden Trey Schaper,387.0,387.0,71,0.8,31.5,0.0,0.0
9833,2024,40004028,Peter Kuest,389.0,387.0,50,0.8,24.1,0.0,0.0
9713,2024,40003616,Brandon Wu,390.0,386.0,72,0.8,31.3,0.0,0.0
9752,2024,40001501,Camilo Villegas,391.0,390.0,74,0.8,31.2,0.0,0.0
9870,2024,40002494,Curtis Luck,392.0,392.0,47,0.8,24.0,0.0,0.0
10037,2024,40004395,Ryan Van Velzen,394.0,394.0,71,0.8,31.1,0.0,0.0
9797,2024,40002458,Gavin Green,395.0,396.0,79,0.8,31.0,0.0,0.0
9777,2024,40003542,Garrick Higgo,396.0,395.0,71,0.8,30.9,0.0,0.0
9888,2024,40003812,Casey Jarvis,398.0,399.0,92,0.8,30.7,0.0,0.0
10638,2024,40000230,Bud Cauley,399.0,402.0,25,0.8,23.6,0.0,0.0
10741,2024,40005446,Caleb Surratt,400.0,403.0,11,0.8,23.6,0.0,0.0
9744,2024,40000363,Tyler Duncan,402.0,398.0,68,0.8,30.5,0.0,0.0
10020,2024,40005249,Tom Vaillant,403.0,404.0,65,0.8,28.7,0.0,0.0
9887,2024,40002241,Carter Jenkins,404.0,400.0,59,0.8,26.3,0.0,0.0
10097,2024,40000859,Hao-Tong Li,406.0,406.0,59,0.7,25.7,0.0,0.0
10169,2024,40000236,Kevin Chappell,407.0,407.0,53,0.7,22.6,0.0,0.0
9856,2024,40000084,Matthew Baldwin,408.0,408.0,78,0.7,29.3,0.0,0.0
10767,2024,40006037,Barend Botha,410.0,415.0,13,0.7,22.4,0.0,0.0
10374,2024,40002591,Oliver Lindell,411.0,416.0,68,0.7,29.1,0.0,0.0
9886,2024,40000697,Scott Jamieson,412.0,411.0,66,0.7,27.9,0.0,0.0
9906,2024,40002649,Mason Andersen,414.0,410.0,67,0.7,28.5,0.0,0.0
9918,2024,40000535,Lanto Griffin,415.0,412.0,61,0.7,25.6,0.0,0.0
9928,2024,40004972,Guntaek Koh,416.0,414.0,75,0.7,28.9,0.0,0.0
10322,2024,40003179,Kristoffer Ventura,417.0,417.0,62,0.7,26.0,0.0,0.0
10061,2024,40000053,Kiradech Aphibarnrat,419.0,419.0,72,0.7,28.6,0.0,0.0
10357,2024,40000911,MJ Maguire,420.0,421.0,46,0.7,22.0,0.0,0.0
10165,2024,40002521,Hur In-Hoi,421.0,420.0,62,0.7,25.8,0.0,0.0
10444,2024,40005602,Joel Moscatel Nachshon,423.0,424.0,67,0.7,27.6,0.0,0.0
10007,2024,40002394,Junghwan Lee,424.0,423.0,62,0.7,25.4,0.0,0.0
9822,2024,40000987,Troy Merritt,425.0,425.0,72,0.7,28.1,0.0,0.0
9832,2024,40003084,Kazuki Higa,427.0,427.0,82,0.7,28.0,0.0,0.0
9902,2024,40002629,Austin Smotherman,428.0,428.0,70,0.7,27.7,0.0,0.0
10001,2024,40003639,Eugenio Lopez-Chacarra,429.0,431.0,24,0.7,21.2,0.0,0.0
9846,2024,40002608,Marcus Armitage,431.0,429.0,71,0.7,27.5,0.0,0.0
9816,2024,40001630,Phachara Khongwatmai,432.0,432.0,57,0.7,22.6,0.0,0.0
10109,2024,40002976,Jeremy Paul,433.0,433.0,68,0.7,27.2,0.0,0.0
10176,2024,40001063,Seung-Yul Noh,435.0,435.0,66,0.7,26.1,0.0,0.0
10107,2024,40005358,Takashi Ogiso,436.0,436.0,66,0.7,26.1,0.0,0.0
9880,2024,40000248,Stewart Cink,437.0,437.0,50,0.7,20.7,0.0,0.0
10006,2024,40004964,Kaito Onishi,437.0,439.0,80,0.7,26.9,0.0,0.0
10286,2024,40000064,Matt Atkins,440.0,441.0,53,0.7,20.6,0.0,0.0
10627,2024,40001097,Carlos Ortiz,441.0,443.0,12,0.7,20.6,0.0,0.0
9980,2024,40003664,Trent Phillips,443.0,440.0,59,0.7,23.1,0.0,0.0
9873,2024,40000012,Zach Johnson,444.0,444.0,47,0.7,20.3,0.0,0.0
10215,2024,40000291,Brandon Crick,445.0,446.0,58,0.7,22.2,0.0,0.0
10023,2024,40003750,Jeong-Weon Ko,446.0,449.0,80,0.7,26.2,0.0,0.0
10289,2024,40005573,Wooyoung Cho,448.0,453.0,59,0.7,22.6,0.0,0.0
10314,2024,40005559,Kota Yuta Kaneko,449.0,452.0,59,0.7,22.6,0.0,0.0
9840,2024,40000587,Pádraig Harrington,450.0,445.0,37,0.7,20.0,0.0,0.0
9806,2024,40004332,Parker Coody,452.0,448.0,58,0.6,22.0,0.0,0.0
9841,2024,40000071,Aaron Baddeley,453.0,450.0,62,0.6,23.3,0.0,0.0
9913,2024,40001326,Roger Sloan,454.0,454.0,63,0.6,23.8,0.0,0.0
10156,2024,40005419,Martin Couvra,456.0,460.0,55,0.6,20.7,0.0,0.0
10826,2024,40006108,Jonathan Broomhead,457.0,462.0,53,0.6,19.7,0.0,0.0
9823,2024,40003483,Sadom Kaewkanjana,458.0,457.0,59,0.6,22.1,0.0,0.0
10043,2024,40002204,Trevor Cone,460.0,458.0,67,0.6,25.0,0.0,0.0
9778,2024,40002537,Jens Dantorp,461.0,456.0,75,0.6,25.5,0.0,0.0
9790,2024,40000752,Maximilian Kieffer,462.0,460.0,67,0.6,24.9,0.0,0.0
10002,2024,40005512,Kieran Vincent,464.0,465.0,42,0.6,19.5,0.0,0.0
10224,2024,40001405,Daniel Summerhays,465.0,464.0,58,0.6,21.4,0.0,0.0
10135,2024,40003112,Noah Goodwin,466.0,466.0,62,0.6,22.8,0.0,0.0
9780,2024,40002553,Yuki Inamori,468.0,469.0,68,0.6,25.1,0.0,0.0
9814,2024,40001313,Webb Simpson,469.0,468.0,42,0.6,19.2,0.0,0.0
9766,2024,40002973,Norman Xiong,470.0,470.0,53,0.6,19.2,0.0,0.0
10091,2024,40005216,Myles Creighton,471.0,471.0,53,0.6,19.1,0.0,0.0
9799,2024,40001157,Thomas Pieters,473.0,473.0,17,0.6,19.0,0.0,0.0
10036,2024,40002512,Dylan Frittelli,474.0,474.0,80,0.6,24.6,0.0,0.0
9863,2024,40002540,Ryutaro Nagano,475.0,475.0,58,0.6,20.6,0.0,0.0
9792,2024,40000120,Gaganjeet Bhullar,477.0,498.0,57,0.6,20.1,0.0,0.0
9890,2024,40000029,Jaco Ahlers,478.0,477.0,66,0.6,23.3,0.0,0.0
10661,2024,40005858,Kazuma Kobori,478.0,481.0,38,0.6,18.6,0.0,0.0
9864,2024,40001974,Jason Scrivener,481.0,478.0,67,0.6,23.7,0.0,0.0
9861,2024,40002762,Mikumu Horikawa,482.0,482.0,71,0.6,24.1,0.0,0.0
10070,2024,40001694,Erik Barnes,483.0,479.0,41,0.6,18.5,0.0,0.0
10647,2024,40005640,Trey Winstead,485.0,483.0,32,0.6,18.5,0.0,0.0
10151,2024,40003649,Andrew Wilson,486.0,487.0,59,0.6,20.7,0.0,0.0
10003,2024,40004702,Naoyuki Kataoka,486.0,489.0,67,0.6,23.5,0.0,0.0
10422,2024,40004741,Jannik De Bruyn,489.0,491.0,59,0.6,20.7,0.0,0.0
10697,2024,40002772,Seth Reeves,490.0,493.0,42,0.6,18.4,0.0,0.0
9911,2024,40002505,Ryan McCormick,491.0,485.0,68,0.6,23.9,0.0,0.0
9843,2024,40002845,Marcel Schneider,493.0,490.0,72,0.6,23.9,0.0,0.0
10595,2024,40001521,Dalton Ward,494.0,497.0,54,0.6,18.7,0.0,0.0
9743,2024,40002146,Callum Shinkwin,495.0,486.0,54,0.6,18.7,0.0,0.0
9804,2024,40003191,Sang-Hyun Park,497.0,495.0,62,0.6,21.3,0.0,0.0
9937,2024,40004834,Aguri Iwasaki,498.0,502.0,70,0.6,23.6,0.0,0.0
9734,2024,40002657,Nathan Kimsey,499.0,494.0,29,0.6,18.1,0.0,0.0
9943,2024,40000789,Kelly Kraft,500.0,500.0,55,0.6,19.0,0.0,0.0
9959,2024,40002351,Max Rottluff,502.0,502.0,61,0.6,20.8,0.0,0.0
10090,2024,40002724,Seung-Taek Lee,503.0,504.0,70,0.6,23.5,0.0,0.0
10055,2024,40003036,Doc Redman,504.0,507.0,67,0.6,22.9,0.0,0.0
9709,2024,40001361,Scott Stallings,506.0,499.0,43,0.6,17.9,0.0,0.0
10056,2024,40004705,Frederik Schott,506.0,508.0,76,0.6,23.3,0.0,0.0
9949,2024,40002611,Kyung Nam Kang,508.0,506.0,54,0.6,18.4,0.0,0.0
9893,2024,40001290,Charl Schwartzel,510.0,511.0,18,0.6,17.9,0.0,0.0
10794,2024,40000714,Andrew Johnston,511.0,510.0,21,0.6,17.9,0.0,0.0
10129,2024,40000031,Thomas Aiken,512.0,512.0,62,0.6,20.8,0.0,0.0
9897,2024,40002940,Taichi Nabetani,514.0,514.0,62,0.6,20.7,0.0,0.0
10110,2024,40005483,Davis Chatfield,515.0,515.0,65,0.6,21.6,0.0,0.0
10411,2024,40000125,Lucas Bjerregaard,516.0,519.0,67,0.6,22.4,0.0,0.0
9910,2024,40002489,Jacques Kruyswijk,518.0,518.0,67,0.6,22.3,0.0,0.0
9900,2024,40001821,Tom Whitney,519.0,516.0,65,0.6,21.4,0.0,0.0
9950,2024,40003584,Jeongwoo Ham,520.0,520.0,67,0.6,22.2,0.0,0.0
9820,2024,40001135,Eddie Pepperell,522.0,520.0,65,0.6,21.3,0.0,0.0
9976,2024,40003094,Taihei Sato,523.0,523.0,67,0.6,22.0,0.0,0.0
9997,2024,40003430,Deon Germishuys,524.0,524.0,84,0.6,22.3,0.0,0.0
10681,2024,40002756,Hong-Taek Kim,525.0,527.0,65,0.6,21.0,0.0,0.0
10670,2024,40003604,Matthew Anderson,527.0,525.0,36,0.6,17.1,0.0,0.0
10291,2024,40001951,Alvaro Ortiz,528.0,528.0,62,0.6,19.9,0.0,0.0
10299,2024,40005484,Joe Weiler,529.0,529.0,61,0.5,19.4,0.0,0.0
10113,2024,40003126,Ivan Cantero Gutierrez,531.0,531.0,79,0.5,21.8,0.0,0.0
9961,2024,40001828,Ricardo Gouveia,532.0,532.0,72,0.5,21.8,0.0,0.0
9927,2024,40000842,Marc Leishman,533.0,535.0,10,0.5,16.7,0.0,0.0
10116,2024,40004007,Stuart Macdonald,535.0,533.0,46,0.5,16.6,0.0,0.0
9868,2024,40003180,David Law,536.0,535.0,75,0.5,21.5,0.0,0.0
10146,2024,40004822,Davis Shore,537.0,537.0,49,0.5,16.5,0.0,0.0
10054,2024,40000853,Alexander Lévy,539.0,539.0,82,0.5,21.4,0.0,0.0
10360,2024,40000603,Benjamin Hébert,540.0,543.0,65,0.5,20.1,0.0,0.0
9865,2024,40002650,Cameron Champ,541.0,540.0,65,0.5,20.1,0.0,0.0
10076,2024,40005641,Tatsunori Shogenji,543.0,544.0,71,0.5,21.2,0.0,0.0
10118,2024,40001486,Danie Van Tonder,543.0,547.0,79,0.5,21.2,0.0,0.0
9921,2024,40000417,Darren Fichardt,545.0,545.0,66,0.5,20.3,0.0,0.0
9753,2024,40000866,Nicholas Lindheim,547.0,541.0,36,0.5,16.2,0.0,0.0
9904,2024,40003697,Marco Penge,548.0,548.0,78,0.5,21.1,0.0,0.0
10188,2024,40003254,Pontus Nyholm,548.0,548.0,67,0.5,20.7,0.0,0.0
9982,2024,40003422,Wilco Nienaber,551.0,551.0,78,0.5,20.9,0.0,0.0
10094,2024,40002759,Jinichiro Kozuma,552.0,552.0,61,0.5,18.5,0.0,0.0
10283,2024,40005255,Austin Hitt,553.0,554.0,51,0.5,16.0,0.0,0.0
9981,2024,40000857,Steve Lewton,554.0,553.0,50,0.5,16.0,0.0,0.0
10372,2024,40002433,Jack Senior,556.0,556.0,66,0.5,19.9,0.0,0.0
10166,2024,40002642,Nicolai Von Dellingshausen,557.0,558.0,74,0.5,20.6,0.0,0.0
10013,2024,40002729,Lukas Nemecz,558.0,557.0,72,0.5,20.6,0.0,0.0
10727,2024,40003142,Kristoffer Reitan,560.0,569.0,61,0.5,18.1,0.0,0.0
10650,2024,40002430,Stefano Mazzoli,561.0,570.0,62,0.5,18.4,0.0,0.0
10082,2024,40001978,Jeunghun Wang,562.0,562.0,58,0.5,17.2,0.0,0.0
9969,2024,40005044,Thomas Walsh,564.0,561.0,63,0.5,18.8,0.0,0.0
9942,2024,40005375,Taiki Yoshida,564.0,566.0,63,0.5,18.8,0.0,0.0
10159,2024,40002640,Joel Girrbach,566.0,568.0,78,0.5,20.3,0.0,0.0
10306,2024,40002550,Rattanon Wannasrichan,568.0,573.0,70,0.5,20.3,0.0,0.0
9796,2024,40002765,Hendrik Du Plessis,569.0,560.0,47,0.5,15.5,0.0,0.0
9874,2024,40000009,Jimmy Walker,570.0,564.0,46,0.5,15.5,0.0,0.0
10211,2024,40004940,Filippo Celli,572.0,572.0,58,0.5,17.0,0.0,0.0
10168,2024,40003601,Mikiya Akutsu,573.0,574.0,67,0.5,19.7,0.0,0.0
9867,2024,40002758,Louis De Jager,574.0,576.0,84,0.5,19.9,0.0,0.0
10247,2024,40003073,Galam Jeon,576.0,577.0,53,0.5,15.3,0.0,0.0
10454,2024,40001755,Andreas Halvorsen,577.0,582.0,58,0.5,16.7,0.0,0.0
9957,2024,40004877,Manuel Elvira,578.0,578.0,76,0.5,19.8,0.0,0.0
10182,2024,40005058,Mitchell Meissner,579.0,582.0,63,0.5,18.2,0.0,0.0
10106,2024,40000479,Sergio Garcia,581.0,578.0,12,0.5,15.2,0.0,0.0
10157,2024,40001233,Jose De Jesus Rodriguez,582.0,581.0,55,0.5,15.9,0.0,0.0
9722,2024,40000991,Phil Mickelson,583.0,565.0,12,0.5,15.1,0.0,0.0
9960,2024,40003141,Eom Jae-Woong,585.0,585.0,51,0.5,15.1,0.0,0.0
10147,2024,40000613,Mike Hendry,586.0,586.0,51,0.5,15.1,0.0,0.0
10278,2024,40002175,Bjorn Akesson,587.0,587.0,70,0.5,19.6,0.0,0.0
9971,2024,40002632,Tapio Pulkkanen,589.0,589.0,71,0.5,19.5,0.0,0.0
10292,2024,40003248,Jordan Gumberg,590.0,590.0,68,0.5,19.5,0.0,0.0
10050,2024,40002618,Seungsu Han,591.0,594.0,61,0.5,17.0,0.0,0.0
9827,2024,40003878,Nick Bachem,593.0,591.0,67,0.5,18.8,0.0,0.0
10024,2024,40002631,Julian Suri,593.0,597.0,46,0.5,14.7,0.0,0.0
10010,2024,40005018,Denwit David Boriboonsub,595.0,607.0,63,0.5,17.6,0.0,0.0
9858,2024,40003347,Wilson Furr,597.0,595.0,66,0.5,18.4,0.0,0.0
9984,2024,40003733,Shad Tuten,598.0,593.0,50,0.5,14.7,0.0,0.0
9973,2024,40005499,Taichi Kho,599.0,598.0,49,0.5,14.7,0.0,0.0
10077,2024,40002895,Mikael Lindberg,601.0,599.0,70,0.5,19.1,0.0,0.0
10102,2024,40001540,Richy Werenski,602.0,599.0,75,0.5,19.0,0.0,0.0
10132,2024,40004374,Patrick Cover,603.0,602.0,67,0.5,18.6,0.0,0.0
10141,2024,40003702,Kyle Westmoreland,605.0,602.0,68,0.5,19.0,0.0,0.0
9991,2024,40000427,Ross Fisher,606.0,606.0,67,0.5,18.5,0.0,0.0
10155,2024,40002019,Gunn Charoenkul,607.0,608.0,65,0.5,17.7,0.0,0.0
9788,2024,40001107,Ryan Palmer,608.0,605.0,55,0.5,15.0,0.0,0.0
10614,2024,40005485,Emilio Gonzalez,610.0,610.0,57,0.5,15.4,0.0,0.0
10349,2024,40003773,Dylan Naidoo,611.0,614.0,72,0.5,18.3,0.0,0.0
9850,2024,40001012,Francesco Molinari,612.0,611.0,54,0.5,14.3,0.0,0.0
10747,2024,40003417,Christo Lamprecht,614.0,627.0,24,0.5,13.9,0.0,0.0
10181,2024,40000910,Jack Maguire,615.0,614.0,49,0.5,13.9,0.0,0.0
9779,2024,40003178,Hurly Long,616.0,612.0,70,0.5,18.1,0.0,0.0
10175,2024,40004272,Hanbyeol Kim,616.0,620.0,50,0.5,13.9,0.0,0.0
10026,2024,40001023,James Morrison,619.0,616.0,82,0.5,18.1,0.0,0.0
10253,2024,40002580,Christofer Blomstrand,620.0,618.0,61,0.5,15.9,0.0,0.0
10122,2024,40004829,Taehoon Ok,620.0,622.0,65,0.5,17.0,0.0,0.0
10398,2024,40002526,Jens Fahrbring,623.0,628.0,28,0.5,13.8,0.0,0.0
9985,2024,40003329,Sarit Suwannarut,624.0,626.0,49,0.5,13.8,0.0,0.0
9756,2024,40002108,Callum Tarren,626.0,619.0,72,0.5,17.9,0.0,0.0
10255,2024,40003026,Veer Ahlawat,627.0,630.0,68,0.5,17.9,0.0,0.0
9821,2024,40003118,Tomoharu Otsuki,628.0,624.0,70,0.5,17.9,0.0,0.0
9862,2024,40000034,Tyson Alexander,630.0,631.0,74,0.5,17.9,0.0,0.0
10035,2024,40003708,Euan Walker,631.0,632.0,62,0.5,16.1,0.0,0.0
9932,2024,40000739,Masahiro Kawamura,632.0,622.0,55,0.4,14.4,0.0,0.0
10197,2024,40002544,Pavit Tangkamolpraser,633.0,635.0,72,0.4,17.7,0.0,0.0
10556,2024,40003443,Yurav Premlall,635.0,639.0,82,0.4,17.7,0.0,0.0
9878,2024,40002585,Simon Forsstrom,636.0,633.0,65,0.4,16.6,0.0,0.0
10715,2024,40004906,Frank Kennedy,637.0,644.0,46,0.4,13.5,0.0,0.0
10123,2024,40001095,Wade Ormsby,639.0,643.0,33,0.4,13.4,0.0,0.0
10004,2024,40000514,Fabian Gomez,640.0,637.0,65,0.4,16.5,0.0,0.0
10332,2024,40000468,Tommy Gainey,640.0,644.0,68,0.4,17.5,0.0,0.0
9845,2024,40001422,Hideto Tanihara,643.0,639.0,49,0.4,13.4,0.0,0.0
9807,2024,40002338,Paul Barjon,644.0,636.0,65,0.4,16.4,0.0,0.0
10593,2024,40002066,Dai-Han Lee,644.0,653.0,53,0.4,13.4,0.0,0.0
9936,2024,40001503,Scott Vincent,647.0,656.0,25,0.4,13.4,0.0,0.0
9826,2024,40000348,Ze-Cheng Dou,648.0,641.0,65,0.4,16.3,0.0,0.0
10258,2024,40005765,Koshiro Maeda,649.0,652.0,61,0.4,15.3,0.0,0.0
9999,2024,40001727,Wil Bateman,651.0,648.0,61,0.4,15.3,0.0,0.0
10047,2024,40000525,Estanislao Goya,652.0,648.0,63,0.4,15.9,0.0,0.0
9802,2024,40002748,Adri Arnaus,653.0,648.0,70,0.4,17.2,0.0,0.0
9763,2024,40003663,Will Gordon,655.0,655.0,59,0.4,14.8,0.0,0.0
9805,2024,40003240,Marcus Helligkilde,656.0,647.0,45,0.4,13.2,0.0,0.0
10124,2024,40005601,Yusaku Hosono,657.0,657.0,63,0.4,15.7,0.0,0.0
9939,2024,40002554,Daan Huizing,658.0,658.0,66,0.4,16.3,0.0,0.0
10101,2024,40002245,Jeffrey Kang,660.0,662.0,46,0.4,13.0,0.0,0.0
9903,2024,40001156,Scott Piercy,661.0,661.0,66,0.4,16.2,0.0,0.0
10067,2024,40000331,Roberto Diaz,662.0,664.0,75,0.4,16.9,0.0,0.0
10096,2024,40002627,Jamie Rutherford,664.0,665.0,74,0.4,16.8,0.0,0.0
10527,2024,40003314,Maverick Antcliff,664.0,668.0,53,0.4,13.0,0.0,0.0
10711,2024,40005789,Jonathan Goth-Rasmussen,666.0,669.0,79,0.4,16.8,0.0,0.0
9769,2024,40004111,Andy Ogletree,668.0,660.0,20,0.4,12.8,0.0,0.0
9770,2024,40000015,Dustin Johnson,669.0,666.0,12,0.4,12.8,0.0,0.0
10018,2024,40000792,Jbe' Kruger,670.0,672.0,86,0.4,16.6,0.0,0.0
10785,2024,40002499,William Cannon,672.0,673.0,14,0.4,12.8,0.0,0.0
10817,2024,40006073,Chanwoo Kim,673.0,670.0,50,0.4,12.7,0.0,0.0
10260,2024,40002783,Wang Wei Lun,674.0,689.0,53,0.4,12.7,0.0,0.0
9877,2024,40001578,Oliver Wilson,676.0,674.0,66,0.4,15.7,0.0,0.0
9979,2024,40005169,Kosuke Suzuki,677.0,676.0,62,0.4,14.8,0.0,0.0
10014,2024,40002495,Matthias Schwab,678.0,678.0,78,0.4,16.3,0.0,0.0
10466,2024,40005721,Ryan Burnett,680.0,682.0,34,0.4,12.5,0.0,0.0
10237,2024,40000527,Branden Grace,680.0,685.0,17,0.4,12.5,0.0,0.0
10033,2024,40002919,Tomoyo Ikemura,682.0,684.0,78,0.4,16.2,0.0,0.0
9934,2024,40003207,John Vanderlaan,684.0,677.0,68,0.4,16.2,0.0,0.0
10210,2024,40005047,Étienne Papineau,685.0,681.0,47,0.4,12.5,0.0,0.0
9931,2024,40002575,Poom Saksansin,686.0,680.0,62,0.4,14.6,0.0,0.0
10656,2024,40000474,Rahil Gangjee,687.0,687.0,47,0.4,12.4,0.0,0.0
10249,2024,40004401,Ian Snyman,689.0,689.0,61,0.4,14.2,0.0,0.0
10095,2024,40005430,Patrick Welch,690.0,686.0,51,0.4,12.3,0.0,0.0
10609,2024,40005805,Matthis Besard,691.0,691.0,43,0.4,12.3,0.0,0.0
10431,2024,40003217,Joey Savoie,693.0,693.0,43,0.4,12.2,0.0,0.0
10236,2024,40002436,Sang-Hee Lee,693.0,698.0,71,0.4,15.9,0.0,0.0
10399,2024,40004307,Sandy Scott,695.0,695.0,50,0.4,12.2,0.0,0.0
10143,2024,40001771,Nelson Ledesma,697.0,701.0,65,0.4,14.9,0.0,0.0
9954,2024,40005098,Logan McAllister,698.0,694.0,67,0.4,15.4,0.0,0.0
10474,2024,40003125,Yuwa Kosaihira,698.0,702.0,59,0.4,13.6,0.0,0.0
10737,2024,40003279,Cedric Gugler,701.0,703.0,53,0.4,12.1,0.0,0.0
10251,2024,40003723,Chonlatit Chuenboonngam,702.0,718.0,63,0.4,14.5,0.0,0.0
10134,2024,40004732,Pierre Pineau,703.0,705.0,78,0.4,15.7,0.0,0.0
9983,2024,40004341,Riki Kawamoto,703.0,710.0,66,0.4,15.1,0.0,0.0
9948,2024,40001876,Mike Lorenzo-Vera,706.0,699.0,45,0.4,12.0,0.0,0.0
9881,2024,40002487,Kevin Dougherty,707.0,697.0,63,0.4,14.4,0.0,0.0
9986,2024,40002707,Eun Shin Park,709.0,711.0,57,0.4,12.9,0.0,0.0
10214,2024,40001458,Martin Trainer,710.0,707.0,63,0.4,14.4,0.0,0.0
10633,2024,40001170,Garrick Porteous,711.0,712.0,54,0.4,12.2,0.0,0.0
9920,2024,40001723,Brad Kennedy,712.0,715.0,53,0.4,11.9,0.0,0.0
9891,2024,40001294,Chase Seiffert,714.0,707.0,54,0.4,12.1,0.0,0.0
10206,2024,40003298,Benjamin Follett-Smith,715.0,724.0,82,0.4,15.3,0.0,0.0
10341,2024,40001343,Brandt Snedeker,716.0,720.0,47,0.4,11.8,0.0,0.0
10694,2024,40005171,Tanner Gore,716.0,720.0,30,0.4,11.8,0.0,0.0
9859,2024,40003695,Dale Whitnell,719.0,714.0,71,0.4,15.3,0.0,0.0
9765,2024,40001423,Ben Taylor,720.0,716.0,71,0.4,15.3,0.0,0.0
10027,2024,40003323,Min-Gyu Cho,722.0,720.0,71,0.4,15.3,0.0,0.0
10375,2024,40000843,Niklas Lemke,722.0,727.0,49,0.4,11.7,0.0,0.0
10108,2024,40003227,Pieter Moolman,722.0,728.0,78,0.4,15.3,0.0,0.0
10604,2024,40005636,Ross Steelman,726.0,726.0,45,0.4,11.7,0.0,0.0
10267,2024,40002532,Hyun-Woo Ryu,727.0,732.0,67,0.4,14.9,0.0,0.0
10229,2024,40002589,Shunya Takeyasu,728.0,731.0,67,0.4,14.9,0.0,0.0
10193,2024,40003642,Felix Mory,730.0,730.0,68,0.4,15.2,0.0,0.0
9720,2024,40000867,David Lingmerth,731.0,706.0,34,0.4,11.6,0.0,0.0
10354,2024,40002600,Bjorn Hellgren,731.0,734.0,53,0.4,11.6,0.0,0.0
9836,2024,40000185,Julien Brun,734.0,719.0,47,0.4,11.5,0.0,0.0
10219,2024,40002559,Sam Hutsby,735.0,735.0,72,0.4,15.0,0.0,0.0
9946,2024,40002888,Santiago Tarrío,736.0,736.0,82,0.4,14.8,0.0,0.0
10355,2024,40003057,Sebastian Garcia Rodriguez,738.0,739.0,61,0.4,13.1,0.0,0.0
9917,2024,40003545,David Kocher,739.0,738.0,66,0.4,14.2,0.0,0.0
10034,2024,40001602,Ashun Wu,740.0,741.0,67,0.4,14.4,0.0,0.0
10757,2024,40005878,Will Chandler,741.0,744.0,25,0.4,11.3,0.0,0.0
10352,2024,40001093,Rob Oppenheim,743.0,743.0,46,0.4,11.3,0.0,0.0
9860,2024,40002574,Ockert Strydom,745.0,740.0,70,0.4,14.6,0.0,0.0
10301,2024,40000945,Daniel McCarthy,747.0,745.0,63,0.4,13.5,0.0,0.0
10813,2024,40006070,Zihao Jin,748.0,748.0,28,0.4,11.2,0.0,0.0
10259,2024,40000169,Kristoffer Broberg,749.0,747.0,50,0.4,11.1,0.0,0.0
10310,2024,40000308,Keenan Davidse,751.0,755.0,86,0.3,14.3,0.0,0.0
10105,2024,40001519,Justin Walters,752.0,748.0,67,0.3,14.0,0.0,0.0
10448,2024,40005007,Yusuke Sakamoto,753.0,753.0,57,0.3,11.8,0.0,0.0
10028,2024,40005482,Jacob Solomon,755.0,748.0,66,0.3,13.7,0.0,0.0
10180,2024,40000217,Yi Cao,756.0,752.0,43,0.3,10.9,0.0,0.0
10190,2024,40003421,Louis Albertse,757.0,757.0,79,0.3,14.2,0.0,0.0
10459,2024,40003674,Daniel Young,759.0,759.0,55,0.3,11.5,0.0,0.0
10742,2024,40005580,Matthew Riedel,760.0,763.0,18,0.3,10.9,0.0,0.0
10679,2024,40003788,Lloyd Jefferson Go,761.0,773.0,58,0.3,11.9,0.0,0.0
10040,2024,40002192,Cody Blick,763.0,756.0,67,0.3,13.8,0.0,0.0
10706,2024,40001722,Soomin Lee,764.0,764.0,55,0.3,11.3,0.0,0.0
10226,2024,40001504,T.J. Vogel,765.0,764.0,61,0.3,12.3,0.0,0.0
10064,2024,40001556,Gunner Wiebe,766.0,766.0,72,0.3,13.8,0.0,0.0
10178,2024,40002811,Dermot McElroy,768.0,768.0,54,0.3,10.9,0.0,0.0
10062,2024,40002835,Wil Besseling,769.0,769.0,59,0.3,11.8,0.0,0.0
10235,2024,40004920,Joshua Grenville-Wood,770.0,781.0,53,0.3,10.5,0.0,0.0
10510,2024,40000645,David Horsey,772.0,772.0,51,0.3,10.5,0.0,0.0
9732,2024,40000047,Abraham Ancer,773.0,761.0,14,0.3,10.5,0.0,0.0
10112,2024,40002697,Robin Sciot-Siegrist,774.0,770.0,67,0.3,13.4,0.0,0.0
10380,2024,40002927,Poosit Supupramai,776.0,789.0,57,0.3,11.2,0.0,0.0
10763,2024,40001846,Rick Lamb,777.0,776.0,38,0.3,10.4,0.0,0.0
10228,2024,40000072,Sang-Moon Bae,778.0,777.0,33,0.3,10.3,0.0,0.0
9968,2024,40000345,Luke Donald,780.0,774.0,45,0.3,10.3,0.0,0.0
10083,2024,40004372,John Axelsen,781.0,778.0,67,0.3,13.1,0.0,0.0
10275,2024,40003779,Atiruj Winaicharoenchai,782.0,785.0,74,0.3,13.3,0.0,0.0
10019,2024,40002897,Anthony Quayle,782.0,786.0,67,0.3,13.1,0.0,0.0
10161,2024,40000856,Tom Lewis,785.0,782.0,63,0.3,12.3,0.0,0.0
9930,2024,40001011,Edoardo Molinari,786.0,784.0,68,0.3,13.2,0.0,0.0
9789,2024,40001565,Danny Willett,788.0,780.0,45,0.3,10.2,0.0,0.0
10469,2024,40003330,Ian Holt,788.0,788.0,34,0.3,10.2,0.0,0.0
9941,2024,40000782,Satoshi Kodaira,790.0,790.0,66,0.3,12.6,0.0,0.0
10683,2024,40005264,Harry Hillier,792.0,794.0,42,0.3,10.0,0.0,0.0
10318,2024,40003722,Chandler Blanchet,793.0,792.0,40,0.3,10.0,0.0,0.0
10085,2024,40004694,Dongmin Kim,794.0,793.0,55,0.3,10.5,0.0,0.0
10621,2024,40003169,Nick Voke,795.0,802.0,42,0.3,13.1,0.0,0.0
10016,2024,40000272,Austin Cook,797.0,795.0,65,0.3,12.1,0.0,0.0
10104,2024,40002614,J.C. Ritchie,798.0,797.0,68,0.3,12.8,0.0,0.0
9996,2024,40000201,Rafael Cabrera Bello,799.0,799.0,76,0.3,12.8,0.0,0.0
10779,2024,40006041,Zheng Sampson yunhe,801.0,805.0,17,0.3,13.0,0.0,0.0
10264,2024,40005647,Sejung Hiramoto,802.0,801.0,53,0.3,12.9,0.0,0.0
10643,2024,40005114,Cooper Dossey,803.0,803.0,47,0.3,12.9,0.0,0.0
10645,2024,40005848,Christofer Rahm,805.0,806.0,68,0.3,12.7,0.0,0.0
10708,2024,40005804,Samuel Jones,806.0,810.0,41,0.3,12.8,0.0,0.0
9714,2024,40001788,Mito Pereira,807.0,797.0,12,0.3,12.8,0.0,0.0
10732,2024,40003796,Jesper Sandborg,807.0,811.0,61,0.3,11.2,0.0,0.0
10282,2024,40002346,Henry Lebioda,810.0,807.0,62,0.3,11.4,0.0,0.0
10268,2024,40004932,Gregorio De Leo,811.0,818.0,70,0.3,12.6,0.0,0.0
10723,2024,40005965,Ahmad Baig,814.0,820.0,37,0.3,12.7,0.0,0.0
10364,2024,40000135,Ryan Blaum,815.0,814.0,57,0.3,10.4,0.0,0.0
10394,2024,40003972,Brendon Jelley,817.0,814.0,47,0.3,12.7,0.0,0.0
9901,2024,40000877,Adam Long,818.0,809.0,71,0.3,12.5,0.0,0.0
10377,2024,40004364,Tomohiro Ishizaka,819.0,824.0,57,0.3,10.3,0.0,0.0
10362,2024,40005091,Harrison Crowe,820.0,830.0,41,0.3,12.6,0.0,0.0
10655,2024,40004859,Clay Feagler,822.0,823.0,43,0.3,12.6,0.0,0.0
10819,2024,40005954,Jackson Buchanan,822.0,832.0,32,0.3,12.6,0.0,0.0
10414,2024,40005168,Heemin Chang,824.0,827.0,58,0.3,10.5,0.0,0.0
10503,2024,40005635,Ben Schmidt,826.0,828.0,58,0.3,10.5,0.0,0.0
10246,2024,40002442,Michael Johnson,827.0,820.0,66,0.3,11.9,0.0,0.0
9912,2024,40000720,Matt Jones,828.0,826.0,13,0.3,12.5,0.0,0.0
10057,2024,40000498,Rhein Gibson,830.0,817.0,71,0.3,12.3,0.0,0.0
9884,2024,40001673,Jorge Fernandez-Valdes,831.0,819.0,47,0.3,12.4,0.0,0.0
10232,2024,40001757,Brandon Harkins,832.0,831.0,68,0.3,12.2,0.0,0.0
10063,2024,40003706,Will Enefer,834.0,835.0,59,0.3,10.4,0.0,0.0
10049,2024,40002478,Brent Grant,835.0,834.0,61,0.3,10.7,0.0,0.0
9945,2024,40000108,Oliver Bekker,836.0,839.0,78,0.3,12.0,0.0,0.0
10388,2024,40003358,Dongmin Lee,838.0,844.0,58,0.3,10.1,0.0,0.0
10277,2024,40002747,Pedro Figueiredo,839.0,839.0,57,0.3,13.0,0.0,0.0
10641,2024,40004176,James Nicholas,840.0,842.0,34,0.3,12.1,0.0,0.0
10163,2024,40005634,Seungbin Choi,842.0,838.0,51,0.3,12.1,0.0,0.0
10173,2024,40002484,Jinho Choi,843.0,843.0,59,0.3,10.3,0.0,0.0
10803,2024,40004319,Matthew Oshrine,844.0,847.0,22,0.3,12.1,0.0,0.0
9895,2024,40004830,Christopher Petefish,846.0,836.0,55,0.3,12.6,0.0,0.0
10121,2024,40001388,Robert Streb,847.0,846.0,58,0.3,10.0,0.0,0.0
10201,2024,40002794,Lars Van Meijel,848.0,848.0,75,0.3,11.8,0.0,0.0
10460,2024,40005231,Fred Biondi,849.0,852.0,55,0.3,12.5,0.0,0.0
10480,2024,40005600,Minhyuk Song,849.0,856.0,36,0.3,11.9,0.0,0.0
9978,2024,40003729,Yongjun Bae,852.0,853.0,75,0.3,11.8,0.0,0.0
9929,2024,40000778,Russell Knox,853.0,851.0,62,0.3,10.6,0.0,0.0
10626,2024,40005826,Runchanapong Youprayong,853.0,860.0,51,0.3,11.9,0.0,0.0
9905,2024,40001862,Renato Paratore,856.0,849.0,67,0.3,11.5,0.0,0.0
9963,2024,40000670,Jung-Gon Hwang,857.0,855.0,70,0.3,11.7,0.0,0.0
10488,2024,40004376,Ding Wenyi,859.0,864.0,22,0.3,11.8,0.0,0.0
10330,2024,40000610,Scott Hend,860.0,859.0,50,0.3,11.8,0.0,0.0
10227,2024,40001045,Chris Naegel,861.0,860.0,54,0.3,12.1,0.0,0.0
10261,2024,40003050,Philip Knowles,863.0,865.0,29,0.3,11.8,0.0,0.0
10068,2024,40000885,Jamie Lovemark,864.0,863.0,43,0.3,11.7,0.0,0.0
9896,2024,40002732,Kalle Samooja,865.0,857.0,43,0.3,11.7,0.0,0.0
10385,2024,40000660,Jean Hugo,867.0,872.0,74,0.3,11.5,0.0,0.0
10482,2024,40005707,Jack Davidson,868.0,867.0,51,0.3,11.6,0.0,0.0
10242,2024,40002422,Yosuke Tsukada,869.0,869.0,62,0.3,10.4,0.0,0.0
10483,2024,40005581,Sudarshan Yellamaraju,871.0,873.0,49,0.3,11.6,0.0,0.0
10386,2024,40004528,Conner Godsey,872.0,874.0,41,0.3,11.5,0.0,0.0
10300,2024,40004861,Ryo Katsumata,873.0,876.0,61,0.3,10.0,0.0,0.0
10376,2024,40002610,Panuphol Pittayarat,874.0,877.0,51,0.3,11.5,0.0,0.0
9970,2024,40002979,Harrison Endycott,876.0,868.0,55,0.3,12.0,0.0,0.0
10749,2024,40003143,Maximilian Steinlechner,876.0,878.0,42,0.3,11.5,0.0,0.0
10139,2024,40004359,Yeongsu Kim,878.0,881.0,80,0.3,11.3,0.0,0.0
10052,2024,40002952,Karandeep Kochhar,880.0,893.0,63,0.3,10.4,0.0,0.0
9764,2024,40001030,Trey Mullinax,881.0,871.0,42,0.3,11.4,0.0,0.0
10780,2024,40002218,A.J. Ewart,882.0,885.0,22,0.3,11.4,0.0,0.0
10623,2024,40003687,Albin Bergstrom,884.0,882.0,53,0.3,11.4,0.0,0.0
10537,2024,40003462,Sangpil Yoon,885.0,884.0,57,0.3,12.2,0.0,0.0
10793,2024,40005687,Bryce Lewis,886.0,888.0,14,0.3,11.3,0.0,0.0
10450,2024,40003387,Aaron Wilkin,888.0,889.0,54,0.3,11.6,0.0,0.0
10367,2024,40002751,Doyeob Mun,889.0,890.0,66,0.3,10.7,0.0,0.0
10150,2024,40003343,Terumichi Kakazu,890.0,894.0,55,0.3,11.8,0.0,0.0
10008,2024,40003540,Lorenzo Scalise,892.0,886.0,74,0.3,11.0,0.0,0.0
10221,2024,40002625,Yujiro Ohori,893.0,896.0,59,0.3,12.6,0.0,0.0
9907,2024,40000553,Scott Gutschewski,894.0,878.0,57,0.3,12.0,0.0,0.0
10787,2024,40006019,Jacob Skov Olesen,896.0,901.0,12,0.3,11.2,0.0,0.0
10784,2024,40005053,Michael Brennan,897.0,900.0,14,0.3,11.1,0.0,0.0
10212,2024,40001060,Chapchai Nirat,898.0,910.0,57,0.3,11.9,0.0,0.0
10768,2024,40006038,Nopparat Panichphol,900.0,901.0,55,0.3,11.6,0.0,0.0
10184,2024,40000575,Cole Hammer,901.0,898.0,63,0.3,10.1,0.0,0.0
10088,2024,40002539,Tae Hee Lee,902.0,897.0,68,0.3,10.9,0.0,0.0
10304,2024,40003131,Hanmil Jung,903.0,905.0,70,0.3,10.9,0.0,0.0
10257,2024,40001008,Yusaku Miyazato,905.0,903.0,61,0.3,12.7,0.0,0.0
9857,2024,40003860,MJ Daffue,906.0,892.0,63,0.3,10.0,0.0,0.0
10692,2024,40002767,Woo-Hyun Kim,907.0,907.0,57,0.3,11.8,0.0,0.0
10449,2024,40005120,Gary Hurley,909.0,909.0,51,0.3,10.9,0.0,0.0
10186,2024,40001275,Neil Schietekat,910.0,906.0,83,0.3,10.8,0.0,0.0
10274,2024,40000196,Jonathan Byrd,911.0,911.0,49,0.3,10.8,0.0,0.0
10746,2024,40004881,Ryan Hall,913.0,919.0,30,0.3,10.7,0.0,0.0
10752,2024,40005815,Mark Goetz,914.0,918.0,45,0.3,10.7,0.0,0.0
10366,2024,40001758,Evan Harmeling,915.0,913.0,55,0.3,11.2,0.0,0.0
10185,2024,40004340,Taiga Sugihara,915.0,915.0,63,0.3,12.9,0.0,0.0
10824,2024,40003475,Jasper Stubbs,918.0,926.0,28,0.3,10.7,0.0,0.0
10295,2024,40004968,Sebastian Friedrichsen,919.0,917.0,70,0.3,10.5,0.0,0.0
10015,2024,40000346,Jamie Donaldson,921.0,914.0,41,0.3,10.7,0.0,0.0
10496,2024,40003375,Matthew Cheung,922.0,923.0,46,0.3,10.6,0.0,0.0
10520,2024,40000388,Rhys Enoch,923.0,921.0,71,0.3,10.5,0.0,0.0
10208,2024,40001071,Sean O'Hair,925.0,921.0,62,0.3,12.4,0.0,0.0
10620,2024,40003192,Jovan Rebula,925.0,930.0,59,0.3,11.9,0.0,0.0
10782,2024,40004377,Brendon Doyle,927.0,926.0,33,0.3,10.6,0.0,0.0
10660,2024,40000127,Jacques Blaauw,928.0,928.0,74,0.3,10.4,0.0,0.0
10802,2024,40006050,Suguru Shimoke,930.0,935.0,26,0.3,10.5,0.0,0.0
10804,2024,40000633,Morgan Hoffmann,931.0,934.0,28,0.3,10.5,0.0,0.0
9964,2024,40002541,Atiwit Janewattanano,931.0,938.0,82,0.3,10.4,0.0,0.0
10769,2024,40002161,Sebastien Gros,934.0,932.0,41,0.3,10.5,0.0,0.0
10250,2024,40002825,Itthipat Buranatanya,935.0,939.0,70,0.3,10.3,0.0,0.0
10607,2024,40005803,Jak Carter,936.0,944.0,45,0.3,10.4,0.0,0.0
10128,2024,40001844,Brad Hopfinger,938.0,930.0,61,0.3,12.0,0.0,0.0
10053,2024,40005450,Taiga Nagano,938.0,935.0,62,0.3,12.2,0.0,0.0
9922,2024,40000564,James Hahn,940.0,925.0,47,0.2,10.4,0.0,0.0
10402,2024,40002900,Gyu Min Lee,942.0,940.0,53,0.2,10.4,0.0,0.0
10231,2024,40003484,Kosuke Hamamoto,943.0,940.0,71,0.2,10.2,0.0,0.0
10576,2024,40003338,Oliver Gillberg,944.0,943.0,68,0.2,10.2,0.0,0.0
10270,2024,40004971,Ratchanon Chantananuwat,946.0,946.0,28,0.2,10.3,0.0,0.0
10177,2024,40000476,Joey Garber,947.0,947.0,67,0.2,13.0,0.0,0.0
10244,2024,40004281,Charlie Lindh,948.0,950.0,63,0.2,12.2,0.0,0.0
10154,2024,40005108,Davis Lamb,950.0,948.0,45,0.2,10.2,0.0,0.0
10233,2024,40004328,Lucas Vacarisas,951.0,952.0,65,0.2,12.4,0.0,0.0
10428,2024,40003731,Ryuichi Oiwa,951.0,956.0,68,0.2,13.2,0.0,0.0
10579,2024,40003085,Daniel Gale,954.0,955.0,49,0.2,10.1,0.0,0.0
10743,2024,40003703,Mason Williams,955.0,957.0,17,0.2,10.1,0.0,0.0
9825,2024,40000018,Anirban Lahiri,956.0,952.0,16,0.2,10.1,0.0,0.0
10677,2024,40004740,Samuel Anderson,956.0,959.0,33,0.2,10.1,0.0,0.0
9965,2024,40001426,Josh Teater,959.0,951.0,68,0.2,13.0,0.0,0.0
10666,2024,40001283,Ollie Schniederjans,959.0,960.0,32,0.2,10.0,0.0,0.0
10730,2024,40002523,Seunghyuk Kim,961.0,963.0,47,0.2,10.0,0.0,0.0
10119,2024,40003366,Justin De Los Santos,963.0,961.0,63,0.2,11.9,0.0,0.0
10426,2024,40000005,Bill Haas,964.0,964.0,34,0.2,9.9,0.0,0.0
10612,2024,40004695,Keenan Huskey,967.0,967.0,26,0.2,9.9,0.0,0.0
10198,2024,40002898,Bryce Easton,968.0,968.0,70,0.2,12.8,0.0,0.0
10131,2024,40000785,Jason Kokrak,969.0,969.0,12,0.2,9.8,0.0,0.0
10328,2024,40002654,Hung Chien-Yao,969.0,973.0,46,0.2,9.8,0.0,0.0
10126,2024,40002797,Daijiro Izumida,972.0,972.0,58,0.2,10.8,0.0,0.0
10665,2024,40005492,Joey Vrzich,972.0,980.0,38,0.2,9.8,0.0,0.0
10066,2024,40002546,Kyongjun Moon,975.0,975.0,74,0.2,12.7,0.0,0.0
10758,2024,40005637,Luke Long,976.0,981.0,25,0.2,9.7,0.0,0.0
10699,2024,40005761,Chase Sienkiewicz,977.0,982.0,36,0.2,9.7,0.0,0.0
10738,2024,40005116,Blaine Hale,979.0,984.0,36,0.2,9.7,0.0,0.0
10041,2024,40000534,Cody Gribble,980.0,965.0,51,0.2,9.7,0.0,0.0
9914,2024,40000755,Bio Kim,981.0,975.0,65,0.2,11.9,0.0,0.0
10148,2024,40000959,William McGirt,982.0,984.0,41,0.2,9.6,0.0,0.0
10676,2024,40005433,Quim Vidal,984.0,988.0,62,0.2,11.3,0.0,0.0
9834,2024,40001373,Henrik Stenson,985.0,969.0,11,0.2,9.6,0.0,0.0
10531,2024,40005698,Alexander George Frances,986.0,990.0,72,0.2,12.4,0.0,0.0
10664,2024,40005530,Thomas Longbella,988.0,992.0,32,0.2,9.5,0.0,0.0
9926,2024,40001675,Kramer Hickok,989.0,979.0,36,0.2,9.5,0.0,0.0
10017,2024,40005431,Chanmin Jung,990.0,989.0,63,0.2,11.4,0.0,0.0
10776,2024,40005510,Ekpharit Wu,990.0,993.0,57,0.2,10.2,0.0,0.0
10640,2024,40003829,KK Limbhasut,990.0,994.0,45,0.2,9.5,0.0,0.0
10514,2024,40004343,Hayden Hopewell,994.0,996.0,65,0.2,11.6,0.0,0.0
10716,2024,40005960,Jens kristian Thysted,996.0,997.0,54,0.2,9.7,0.0,0.0
9972,2024,40000852,Spencer Levin,997.0,986.0,62,0.2,11.1,0.0,0.0
10361,2024,40001325,Lee Slattery,998.0,998.0,40,0.2,9.4,0.0,0.0
10649,2024,40000077,Chris Baker,1000.0,1001.0,41,0.2,9.4,0.0,0.0
10592,2024,40002483,Brett Coletta,1001.0,998.0,36,0.2,9.4,0.0,0.0
10605,2024,40004883,Lin Yuxin,1002.0,1002.0,34,0.2,9.3,0.0,0.0
10265,2024,40003631,Tomoyasu Sugiyama,1004.0,1005.0,47,0.2,9.3,0.0,0.0
10042,2024,40002427,Clément Sordet,1005.0,1002.0,70,0.2,12.1,0.0,0.0
10653,2024,40005072,Oihan Guillamoundeguy,1006.0,1008.0,61,0.2,10.7,0.0,0.0
10290,2024,40003472,Jack Thompson,1008.0,1006.0,53,0.2,9.3,0.0,0.0
10410,2024,40002577,Danthai Boonma,1009.0,1009.0,66,0.2,11.5,0.0,0.0
10781,2024,40003236,Grant Booth,1010.0,1011.0,16,0.2,9.2,0.0,0.0
10320,2024,40004371,Yuvraj Singh Sandhu,1011.0,1030.0,54,0.2,9.4,0.0,0.0
10713,2024,40005755,Callan Barrow,1013.0,1015.0,58,0.2,10.0,0.0,0.0
10662,2024,40005717,Derek Hitchner,1014.0,1013.0,33,0.2,9.1,0.0,0.0
10029,2024,40003052,Nitithorn Thippong,1015.0,1010.0,66,0.2,11.4,0.0,0.0
10329,2024,40002842,Ajeetesh Sandhu,1017.0,1017.0,51,0.2,9.1,0.0,0.0
10136,2024,40000404,Oliver Farr,1018.0,1014.0,66,0.2,11.3,0.0,0.0
10731,2024,40005584,Ryan Cole,1019.0,1021.0,13,0.2,9.0,0.0,0.0
10293,2024,40005576,Taeho Kim,1021.0,1017.0,58,0.2,9.9,0.0,0.0
10465,2024,40002914,Tatsuya Kodai,1022.0,1022.0,61,0.2,10.4,0.0,0.0
10078,2024,40000773,Soren Kjeldsen,1023.0,1017.0,67,0.2,11.4,0.0,0.0
10427,2024,40005251,Yunseok Gang,1025.0,1026.0,54,0.2,9.2,0.0,0.0
10245,2024,40001450,Jose Toledo,1026.0,1023.0,54,0.2,9.2,0.0,0.0
10820,2024,40006079,Phoenix Campbell,1027.0,1036.0,20,0.2,8.9,0.0,0.0
10719,2024,40005090,Marcus Byrd,1029.0,1035.0,34,0.2,8.9,0.0,0.0
10395,2024,40005474,Bradley Bawden,1030.0,1027.0,61,0.2,10.2,0.0,0.0
10680,2024,40005883,Yetaek Lim,1031.0,1038.0,33,0.2,8.8,0.0,0.0
10370,2024,40001528,Romain Wattel,1033.0,1031.0,53,0.2,8.8,0.0,0.0
10603,2024,40000192,Bronson Burgoon,1033.0,1033.0,24,0.2,8.8,0.0,0.0
10272,2024,40004323,Lauri Ruuska,1035.0,1034.0,62,0.2,10.4,0.0,0.0
10084,2024,40005722,Sam Choi,1036.0,1029.0,40,0.2,8.8,0.0,0.0
10086,2024,40003794,Chase Hanna,1038.0,1040.0,80,0.2,11.4,0.0,0.0
9987,2024,40003247,Adam Blomme,1039.0,1025.0,47,0.2,8.7,0.0,0.0
10468,2024,40000698,Dong-Kyu Jang,1039.0,1040.0,62,0.2,10.3,0.0,0.0
10424,2024,40000399,Julian Etulain,1042.0,1039.0,43,0.2,8.7,0.0,0.0
10762,2024,40003925,George Markham,1043.0,1044.0,34,0.2,8.7,0.0,0.0
10120,2024,40002100,Chan Shih-Chang,1044.0,1060.0,54,0.2,8.9,0.0,0.0
10559,2024,40002719,Per Langfors,1046.0,1044.0,63,0.2,10.4,0.0,0.0
10114,2024,40001977,Borja Virto Astudillo,1047.0,1047.0,68,0.2,11.2,0.0,0.0
9829,2024,40001490,Harold Varner,1048.0,1043.0,11,0.2,8.6,0.0,0.0
10756,2024,40004857,David Perkins,1050.0,1050.0,13,0.2,8.6,0.0,0.0
10632,2024,40005624,Hugo Townsend,1051.0,1052.0,49,0.2,8.6,0.0,0.0
10501,2024,40003793,Aron Zemmer,1051.0,1054.0,59,0.2,9.6,0.0,0.0
10770,2024,40003152,Ryan Lumsden,1054.0,1058.0,47,0.2,8.6,0.0,0.0
10363,2024,40003528,Devon Bling,1055.0,1048.0,33,0.2,8.5,0.0,0.0
10463,2024,40002725,Jonathan Caldwell,1056.0,1055.0,53,0.2,8.5,0.0,0.0
10446,2024,40003778,Rupert Kaminski,1056.0,1059.0,75,0.2,11.1,0.0,0.0
10296,2024,40003744,Jeremy Gandon,1059.0,1050.0,49,0.2,8.5,0.0,0.0
10337,2024,40000136,Jonas Blixt,1060.0,1055.0,55,0.2,8.9,0.0,0.0
10712,2024,40005479,Kohei Okada,1062.0,1064.0,34,0.2,8.4,0.0,0.0
10735,2024,40006005,Brendan Macdougall,1063.0,1063.0,34,0.2,8.4,0.0,0.0
10192,2024,40002530,Rashid Khan,1064.0,1073.0,66,0.2,10.5,0.0,0.0
10308,2024,40002920,Yosuke Asaji,1065.0,1065.0,65,0.2,10.3,0.0,0.0
10073,2024,40002793,Jaco Prinsloo,1065.0,1067.0,78,0.2,10.9,0.0,0.0
10545,2024,40003303,Tomas Melo Gouveia,1068.0,1069.0,57,0.2,8.9,0.0,0.0
9925,2024,40003010,Kristian Johannessen,1069.0,1062.0,50,0.2,8.3,0.0,0.0
10167,2024,40000162,Ryan Brehm,1071.0,1068.0,71,0.2,10.8,0.0,0.0
10725,2024,40005551,Mateo Fernandez De Oliveira,1072.0,1072.0,36,0.2,8.3,0.0,0.0
10137,2024,40004973,Seonghyeon Jeon,1073.0,1071.0,57,0.2,8.8,0.0,0.0
10462,2024,40003086,Martin Rohwer,1075.0,1075.0,63,0.2,9.8,0.0,0.0
10564,2024,40005788,Yuki Shino,1075.0,1076.0,57,0.2,8.8,0.0,0.0
10648,2024,40004819,Garett Reband,1075.0,1076.0,37,0.2,8.2,0.0,0.0
10792,2024,40006044,Hunter Wolcott,1079.0,1083.0,13,0.2,8.1,0.0,0.0
10678,2024,40002372,Chris Crawford,1080.0,1080.0,34,0.2,8.1,0.0,0.0
10461,2024,40004375,Nikhil Rama,1081.0,1089.0,72,0.2,10.5,0.0,0.0
10048,2024,40004707,Jiho Yang,1083.0,1079.0,70,0.2,10.5,0.0,0.0
10622,2024,40002448,Jared Du Toit,1084.0,1087.0,51,0.2,8.1,0.0,0.0
10685,2024,40005259,Satoshi Hara,1084.0,1090.0,61,0.2,9.3,0.0,0.0
10535,2024,40003072,Joshua Creel,1087.0,1084.0,58,0.2,8.9,0.0,0.0
10288,2024,40002750,Deyen Lawson,1088.0,1087.0,62,0.2,9.4,0.0,0.0
9815,2024,40000770,Kevin Kisner,1089.0,1090.0,50,0.2,8.0,0.0,0.0
10125,2024,40002582,Ryuko Tokimatsu,1090.0,1093.0,62,0.2,9.4,0.0,0.0
10254,2024,40003699,Kevin Yuan,1092.0,1085.0,62,0.2,9.4,0.0,0.0
10689,2024,40003437,Michael Hollick,1093.0,1096.0,37,0.2,8.0,0.0,0.0
10369,2024,40003011,Natipong Srithong,1094.0,1097.0,68,0.2,10.4,0.0,0.0
10542,2024,40003016,Aman Raj,1096.0,1109.0,57,0.2,8.6,0.0,0.0
10058,2024,40001671,Brett Drewitt,1097.0,1080.0,72,0.2,10.3,0.0,0.0
10753,2024,40001125,David Pastore,1097.0,1100.0,32,0.2,7.9,0.0,0.0
10313,2024,40002428,Kodai Ichihara,1100.0,1097.0,62,0.2,9.3,0.0,0.0
10513,2024,40002616,Lyle Rowe,1100.0,1100.0,74,0.2,10.3,0.0,0.0
10344,2024,40003600,Patrick Flavin,1102.0,1094.0,45,0.2,7.9,0.0,0.0
10812,2024,40003817,Luke Brown,1104.0,1102.0,58,0.2,8.7,0.0,0.0
10777,2024,40005288,Christian Jacobsen,1105.0,1106.0,72,0.2,10.2,0.0,0.0
10453,2024,40000733,Rikard Karlberg,1106.0,1102.0,53,0.2,7.8,0.0,0.0
10485,2024,40000983,Prom Meesawat,1106.0,1105.0,62,0.2,9.2,0.0,0.0
10243,2024,40000074,Todd Baek,1110.0,1106.0,63,0.2,9.3,0.0,0.0
10783,2024,40002437,Ryan Evans,1112.0,1112.0,26,0.2,7.8,0.0,0.0
10405,2024,40003673,Malcolm Mitchell,1113.0,1110.0,67,0.2,9.9,0.0,0.0
10153,2024,40003297,Yuta Kinoshita,1114.0,1114.0,59,0.2,8.6,0.0,0.0
10625,2024,40005703,Victor Hougaard Sidal Svendsen,1115.0,1115.0,70,0.2,9.9,0.0,0.0
10588,2024,40003418,Heinrich Bruiners,1117.0,1118.0,78,0.2,9.9,0.0,0.0
10142,2024,40004930,Jeppe Kristian Andersen,1118.0,1117.0,67,0.2,9.7,0.0,0.0
10744,2024,40005494,Charles Porter,1119.0,1121.0,33,0.2,7.6,0.0,0.0
10651,2024,40003364,Cameron John,1121.0,1122.0,30,0.2,7.5,0.0,0.0
10262,2024,40003834,Takanori Konishi,1122.0,1123.0,55,0.2,7.9,0.0,0.0
10797,2024,40006047,Thomas Ponder,1123.0,1125.0,13,0.2,7.5,0.0,0.0
10111,2024,40000918,Stuart Manley,1125.0,1119.0,68,0.2,9.7,0.0,0.0
10657,2024,40005021,Angad Cheema,1126.0,1125.0,49,0.2,7.5,0.0,0.0
10583,2024,40005024,Chanat Sakulpolphaisan,1127.0,1138.0,66,0.2,9.3,0.0,0.0
10705,2024,40003327,Peter Launer Baek,1129.0,1127.0,71,0.2,9.7,0.0,0.0
10710,2024,40005945,Shota Yosimoto,1130.0,1129.0,45,0.2,7.4,0.0,0.0
10471,2024,40001115,Sung Joon Park,1131.0,1131.0,55,0.2,7.8,0.0,0.0
10207,2024,40002162,Mikko Korhonen,1133.0,1129.0,26,0.2,7.4,0.0,0.0
10690,2024,40004352,Hideto Kobukuro,1134.0,1137.0,51,0.2,7.3,0.0,0.0
10130,2024,40002606,Todd Sinnott,1135.0,1133.0,59,0.2,8.2,0.0,0.0
10766,2024,40003481,Bryson Nimmer,1135.0,1134.0,54,0.2,7.5,0.0,0.0
10346,2024,40002596,Suradit Yongcharoenchai,1138.0,1135.0,70,0.2,9.5,0.0,0.0
10551,2024,40004841,Taisei Yamada,1139.0,1139.0,59,0.2,8.2,0.0,0.0
10799,2024,40004919,Tadeas Tetak,1141.0,1146.0,49,0.2,7.2,0.0,0.0
10384,2024,40005563,Tsubasa Ukita,1142.0,1143.0,58,0.2,7.9,0.0,0.0
10560,2024,40005796,Witchayapat Sinsrang,1143.0,1150.0,53,0.2,7.1,0.0,0.0
10686,2024,40005033,Kammalas Namuangruk,1146.0,1147.0,45,0.2,7.1,0.0,0.0
10818,2024,40001463,Austen Truslow,1146.0,1156.0,26,0.2,7.1,0.0,0.0
10144,2024,40000240,Ashley Chesters,1148.0,1139.0,66,0.2,8.9,0.0,0.0
10658,2024,40003638,Travis Trace,1148.0,1147.0,34,0.2,7.1,0.0,0.0
10728,2024,40005352,John Gough,1151.0,1152.0,33,0.2,7.1,0.0,0.0
10695,2024,40000244,K.J. Choi,1152.0,1162.0,12,0.2,7.1,0.0,0.0
10412,2024,40003020,Manu Gandas,1152.0,1172.0,61,0.2,8.2,0.0,0.0
10065,2024,40003696,Jaekyeong Lee,1155.0,1143.0,54,0.2,7.3,0.0,0.0
10807,2024,40006054,Sarut Vongchaisit,1156.0,1166.0,32,0.2,7.1,0.0,0.0
10437,2024,40005029,Haydn Barron,1158.0,1152.0,53,0.2,7.1,0.0,0.0
9933,2024,40000133,Rich Bland,1159.0,1142.0,12,0.2,7.0,0.0,0.0
10225,2024,40001105,Juvic Pagunsan,1159.0,1156.0,58,0.2,7.8,0.0,0.0
10630,2024,40004884,Justin Quiban,1159.0,1167.0,51,0.2,7.0,0.0,0.0
10187,2024,40005034,Luca Filippi,1163.0,1150.0,55,0.2,7.4,0.0,0.0
10326,2024,40001055,Patrick Newcomb,1164.0,1162.0,57,0.2,7.5,0.0,0.0
10599,2024,40005019,Sachin Baisoya,1164.0,1185.0,54,0.2,7.2,0.0,0.0
10183,2024,40002768,JJ Senekal,1167.0,1156.0,67,0.2,8.9,0.0,0.0
10098,2024,40000619,Berry Henson,1168.0,1152.0,62,0.2,8.2,0.0,0.0
10351,2024,40002807,Clement Berardo,1169.0,1164.0,53,0.2,7.0,0.0,0.0
10539,2024,40003882,Chris Korte,1169.0,1169.0,36,0.2,7.0,0.0,0.0
10285,2024,40002949,Kyle Barker,1172.0,1171.0,75,0.2,9.0,0.0,0.0
10825,2024,40006087,Corey Lamb,1173.0,1179.0,30,0.2,6.9,0.0,0.0
10045,2024,40001786,Augusto Nunez,1175.0,1156.0,50,0.2,6.9,0.0,0.0
10517,2024,40004339,Hirotaro Naito,1176.0,1173.0,54,0.2,7.1,0.0,0.0
10619,2024,40003554,Nicolo Galletti,1177.0,1175.0,33,0.2,6.9,0.0,0.0
10765,2024,40005743,Connor Creasy,1179.0,1177.0,12,0.2,6.9,0.0,0.0
10359,2024,40002901,Hyung-Joon Lee,1180.0,1183.0,53,0.2,6.9,0.0,0.0
10827,2024,40004685,Christiaan Burke,1181.0,1188.0,50,0.2,6.9,0.0,0.0
10309,2024,40000731,Sung-Hoon Kang,1183.0,1176.0,72,0.2,8.9,0.0,0.0
10814,2024,40005427,Jonathan Wijono,1183.0,1187.0,37,0.2,6.9,0.0,0.0
10698,2024,40003121,Sungyeol Kwon,1185.0,1183.0,51,0.2,6.8,0.0,0.0
10714,2024,40004825,Kim Bael Jun,1185.0,1191.0,24,0.2,6.8,0.0,0.0
10307,2024,40003774,Jacques De Villiers,1188.0,1181.0,71,0.2,8.9,0.0,0.0
10093,2024,40003633,Marc Hammer,1189.0,1180.0,68,0.2,8.9,0.0,0.0
10525,2024,40002722,Kunihiro Kamii,1191.0,1191.0,42,0.2,6.8,0.0,0.0
10764,2024,40005104,Austin Greaser,1191.0,1193.0,20,0.2,6.8,0.0,0.0
10317,2024,40004842,Taiko Nishiyama,1193.0,1188.0,61,0.2,7.8,0.0,0.0
10117,2024,40000673,Yuta Ikeda,1195.0,1195.0,54,0.2,6.9,0.0,0.0
10568,2024,40003716,Jack McDonald,1196.0,1195.0,46,0.2,6.7,0.0,0.0
10646,2024,40005849,Matias Sanchez,1196.0,1200.0,36,0.2,6.7,0.0,0.0
10371,2024,40001229,Alexandre Rocha,1198.0,1195.0,36,0.2,6.7,0.0,0.0
10382,2024,40004386,Gerhard Pepler,1198.0,1200.0,65,0.2,8.2,0.0,0.0
10786,2024,40006043,Lin Chuan-tai,1198.0,1202.0,13,0.2,6.7,0.0,0.0
10771,2024,40002975,Michael Hirmer,1202.0,1204.0,53,0.2,6.7,0.0,0.0
10393,2024,40005045,Martin Contini,1204.0,1198.0,55,0.2,7.0,0.0,0.0
10798,2024,40003098,Pietro Bovari,1204.0,1209.0,40,0.2,6.7,0.0,0.0
10506,2024,40005787,Wang Wei Hsuan,1206.0,1206.0,34,0.2,6.7,0.0,0.0
10294,2024,40000961,Ross McGowan,1208.0,1206.0,34,0.2,6.7,0.0,0.0
10486,2024,40002712,Jarand Ekeland Arnoy,1209.0,1212.0,72,0.2,8.6,0.0,0.0
10158,2024,40000787,Andrew Kozan,1212.0,1213.0,59,0.2,7.4,0.0,0.0
10217,2024,40004843,Trevor Werbylo,1214.0,1210.0,61,0.2,7.5,0.0,0.0
10022,2024,40001523,Marc Warren,1216.0,1213.0,57,0.2,7.0,0.0,0.0
10558,2024,40005274,Jesus Montenegro,1216.0,1220.0,33,0.2,6.5,0.0,0.0
9852,2024,40000567,Paul Haley II,1218.0,1204.0,59,0.2,7.3,0.0,0.0
10152,2024,40003335,Martin Leth Simonsen,1218.0,1218.0,54,0.2,6.7,0.0,0.0
10616,2024,40003420,Luke Jerling,1221.0,1226.0,79,0.2,8.5,0.0,0.0
10171,2024,40002473,Sihwan Kim,1221.0,1229.0,38,0.2,6.5,0.0,0.0
10668,2024,40003159,Shintaro Ban,1223.0,1226.0,55,0.2,6.8,0.0,0.0
10189,2024,40000342,Andrew Dodt,1225.0,1222.0,46,0.2,6.5,0.0,0.0
10032,2024,40004540,Sanghun Shin,1226.0,1220.0,29,0.2,6.5,0.0,0.0
10674,2024,40005520,Ben Carr,1226.0,1223.0,37,0.2,6.5,0.0,0.0
10543,2024,40003807,Martin Vorster,1229.0,1230.0,61,0.2,7.4,0.0,0.0
10239,2024,40003312,Craig Howie,1230.0,1223.0,65,0.2,7.8,0.0,0.0
10760,2024,40005524,Nick Gabrelcik,1230.0,1231.0,20,0.2,6.4,0.0,0.0
10809,2024,40005714,Graeme Robertson,1230.0,1234.0,21,0.2,6.4,0.0,0.0
10736,2024,40003080,Guxin Chen,1234.0,1233.0,84,0.2,8.3,0.0,0.0
10642,2024,40003841,Jediah Morgan,1235.0,1238.0,34,0.2,6.4,0.0,0.0
10629,2024,40003791,Justin Warren,1237.0,1235.0,50,0.2,6.4,0.0,0.0
10279,2024,40000786,Tomohiro Kondo,1238.0,1239.0,36,0.2,6.3,0.0,0.0
10805,2024,40006052,Taeyoung Kang,1241.0,1242.0,47,0.2,6.3,0.0,0.0
10828,2024,40005289,Ricky Hendler,1241.0,1243.0,66,0.2,7.9,0.0,0.0
10356,2024,40003258,Shariffudin Ariffin,1243.0,1262.0,55,0.2,6.6,0.0,0.0
10408,2024,40003114,Varanyu Rattanaphibo,1245.0,1263.0,55,0.2,6.6,0.0,0.0
10613,2024,40002170,Chris Paisley,1246.0,1241.0,54,0.2,6.4,0.0,0.0
10791,2024,40002603,Gary King,1246.0,1249.0,25,0.2,6.3,0.0,0.0
10663,2024,40002555,Atomu Shigenaga,1249.0,1246.0,53,0.2,6.2,0.0,0.0
10467,2024,40003676,Jiri Zuska,1250.0,1246.0,36,0.1,6.2,0.0,0.0
10810,2024,40006064,Kosuke Sunagawa,1251.0,1255.0,54,0.1,6.4,0.0,0.0
10696,2024,40005748,Blake Tomlinson,1252.0,1252.0,30,0.1,6.2,0.0,0.0
10392,2024,40002664,Steven Brown,1254.0,1245.0,47,0.1,6.2,0.0,0.0
10775,2024,40004314,George Bloor,1254.0,1256.0,32,0.1,6.2,0.0,0.0
10693,2024,40000231,Rodolfo Cazaubon,1256.0,1252.0,45,0.1,6.2,0.0,0.0
10709,2024,40002653,Jin-Jae Byun,1258.0,1259.0,53,0.1,6.2,0.0,0.0
10179,2024,40000425,Zack Fischer,1259.0,1250.0,49,0.1,6.2,0.0,0.0
10241,2024,40003543,John Augenstein,1260.0,1250.0,62,0.1,7.2,0.0,0.0
10773,2024,40005946,William Moll,1262.0,1266.0,17,0.1,6.1,0.0,0.0
10611,2024,40005809,Vanchai Luangnitikul,1263.0,1264.0,51,0.1,6.1,0.0,0.0
10671,2024,40005016,Brandon Hoelzer,1264.0,1266.0,34,0.1,6.1,0.0,0.0
10164,2024,40002878,Settee Prakongvech,1264.0,1272.0,66,0.1,7.6,0.0,0.0
10327,2024,40000993,Daniel Miernicki,1267.0,1259.0,50,0.1,6.1,0.0,0.0
10815,2024,40006024,Ian Gilligan,1268.0,1279.0,3,0.1,6.1,0.0,0.0
10383,2024,40005746,Kazuya Koura,1270.0,1270.0,61,0.1,7.0,0.0,0.0
10821,2024,40001633,Daisuke Kataoka,1271.0,1274.0,45,0.1,6.0,0.0,0.0
10316,2024,40000583,Justin Harding,1271.0,1276.0,43,0.1,6.0,0.0,0.0
10379,2024,40001810,Eric Sugimoto,1274.0,1271.0,58,0.1,6.6,0.0,0.0
10138,2024,40000358,Jason Dufner,1275.0,1256.0,42,0.1,6.0,0.0,0.0
10598,2024,40002493,Ben Eccles,1276.0,1277.0,42,0.1,6.0,0.0,0.0
10223,2024,40000716,Brendan Jones,1277.0,1268.0,54,0.1,6.1,0.0,0.0
10216,2024,40003746,James Allan,1279.0,1281.0,62,0.1,7.0,0.0,0.0
10541,2024,40004852,Christoffer Bring,1280.0,1283.0,59,0.1,6.7,0.0,0.0
10808,2024,40003194,Sam Locke,1280.0,1287.0,30,0.1,5.9,0.0,0.0
10039,2024,40002714,Max Schmitt,1283.0,1275.0,34,0.1,5.9,0.0,0.0
10596,2024,40002490,Matthew Griffin,1284.0,1285.0,43,0.1,5.9,0.0,0.0
10451,2024,40002647,Walker Lee,1285.0,1284.0,43,0.1,5.9,0.0,0.0
10816,2024,40006071,Ryunosuke Furukawa,1285.0,1292.0,36,0.1,5.9,0.0,0.0
10404,2024,40005043,Jay Card,1288.0,1287.0,38,0.1,5.9,0.0,0.0
10511,2024,40002821,MJ Viljoen,1288.0,1289.0,75,0.1,7.6,0.0,0.0
10789,2024,40004879,Trey Shirley,1288.0,1292.0,18,0.1,5.9,0.0,0.0
10811,2024,40006065,Maxence Giboudot,1292.0,1296.0,40,0.1,5.9,0.0,0.0
10100,2024,40000006,Paul Casey,1293.0,1279.0,7,0.1,5.9,0.0,0.0
10754,2024,40005821,Dillon Board,1295.0,1295.0,28,0.1,5.8,0.0,0.0
10252,2024,40004703,Yuta Uetake,1296.0,1291.0,59,0.1,6.6,0.0,0.0
10823,2024,40003550,Nirun Sae-Ueng,1297.0,1300.0,49,0.1,5.8,0.0,0.0
10724,2024,40005966,Minato Oshima,1299.0,1300.0,37,0.1,5.8,0.0,0.0
10577,2024,40005209,Philipp Katich,1300.0,1299.0,58,0.1,6.3,0.0,0.0
10396,2024,40005128,Hiroki Tanaka,1301.0,1297.0,57,0.1,6.2,0.0,0.0
10464,2024,40001933,Luis Gerardo Garza,1303.0,1300.0,63,0.1,6.9,0.0,0.0
10416,2024,40003053,Victor Pastor,1304.0,1300.0,62,0.1,6.7,0.0,0.0
10509,2024,40003485,Gudmundur Kristjansson,1305.0,1306.0,49,0.1,5.7,0.0,0.0
10739,2024,40000741,Martin Kaymer,1306.0,1310.0,10,0.1,5.7,0.0,0.0
10772,2024,40006040,Chris Francoeur,1308.0,1308.0,34,0.1,5.7,0.0,0.0
10489,2024,40001200,Siddikur Rahman,1309.0,1309.0,49,0.1,5.7,0.0,0.0
10778,2024,40003865,David Langley,1310.0,1310.0,38,0.1,5.7,0.0,0.0
10822,2024,40003317,Sukwoan Ko,1310.0,1313.0,40,0.1,5.7,0.0,0.0
10829,2024,40003890,Christian Banke,1310.0,1322.0,21,0.1,5.7,0.0,0.0
10830,2024,40002868,Rayhan Thomas,1314.0,1318.0,9,0.1,5.6,0.0,0.0
10133,2024,40001267,Sam Saunders,1316.0,1300.0,54,0.1,5.8,0.0,0.0
10790,2024,40005129,Yente Van Doren,1316.0,1317.0,50,0.1,5.6,0.0,0.0
10788,2024,40005762,Noah Steele,,,34,0.1,5.8,-3.1,4.2
10795,2024,40005146,James Meyer De Beco,,,45,0.1,6.0,-0.9,6.5
10796,2024,40003122,Andres Gallegos,,,41,0.1,5.9,-2.3,5.0
10806,2024,40006053,Benjamin Kedochim,,,41,0.1,6.0,-0.9,5.4
10800,2024,40004855,Tripp Kinney,,,20,0.1,5.8,-0.6,5.1
10774,2024,40001221,Tag Ridings,,,42,0.1,6.0,-0.5,6.3
10755,2024,40001996,Joseph Winslow,,,37,0.1,6.1,-2.6,5.1
10759,2024,40005208,Anton Albers,,,37,0.1,6.0,-2.1,4.5
10750,2024,40006022,Evan Brown,,,29,0.1,6.1,-0.5,6.3
10140,2024,40000646,Sam Horsfield,,,16,0.1,5.1,-8.6,0.8
10160,2024,40000833,Danny Lee,,,24,0.1,5.4,-7.2,0.0
10172,2024,40003620,Yoseop Seo,,,79,0.1,7.2,-10.7,2.2
10170,2024,40003877,Jeremy Freiburghaus,,,74,0.1,7.8,-12.9,5.7
10087,2024,40002944,Junseok Lee,,,51,0.1,5.8,-12.1,3.1
10089,2024,40000059,Ryan Armour,,,49,0.1,6.1,-13.7,2.5
10071,2024,40002519,Alexander Knappe,,,62,0.1,7.2,-14.3,1.5
10059,2024,40001460,Cameron Tringale,,,17,0.1,5.3,-10.9,0.0
9989,2024,40001136,Cameron Percy,,,29,0.1,6.1,-13.0,0.0
9990,2024,40000661,John Huh,,,22,0.1,5.3,-13.6,0.0
10000,2024,40000259,George Coetzee,,,28,0.1,5.5,-12.9,0.0
9992,2024,40001439,Michael Thompson,,,18,0.1,5.9,-13.0,0.0
9975,2024,40001174,Ian Poulter,,,10,0.1,5.9,-14.6,0.8
9938,2024,40003400,Daniel Gavins,,,59,0.1,7.0,-21.2,0.5
9966,2024,40001369,Brendan Steele,,,21,0.1,5.6,-14.5,0.0
9924,2024,40000518,Talor Gooch,,,11,0.1,5.8,-19.0,2.6
9916,2024,40001682,Sebastian Munoz,,,21,0.1,5.6,-18.2,0.9
9733,2024,40001038,Grayson Murray,,,63,3.3,122.1,-26.3,93.5
9738,2024,40002362,Aaron Wise,,,24,0.1,6.1,-41.0,0.0
10490,2024,40000491,Brian Gay,,,26,0.1,5.2,-1.4,0.0
10491,2024,40001793,Brian Richey,,,26,0.1,5.7,-2.2,1.6
10492,2024,40000428,Trevor Fisher Jr,,,51,0.1,5.3,-3.1,1.9
10493,2024,40001320,Joel Sjoholm,,,51,0.1,5.1,-1.9,0.0
10494,2024,40002986,Benjamin Rusch,,,63,0.1,7.1,-5.6,5.8
10495,2024,40002660,Tirawat Kaewsiribandt,,,66,0.1,6.4,-2.1,0.2
10487,2024,40000847,Ben Leong,,,46,0.1,5.1,-1.5,0.0
10484,2024,40002833,Robin Roussel,,,63,0.1,6.3,-2.8,1.8
10472,2024,40005623,Kazuki Yasumori,,,40,0.1,5.2,-1.6,0.2
10473,2024,40004854,Michael Feagles,,,46,0.1,5.1,-2.1,0.0
10481,2024,40000019,Tiger Woods,,,11,0.1,5.9,-2.9,2.6
10470,2024,40005574,Jinsung Kim,,,58,0.1,5.6,-1.8,0.4
10475,2024,40005042,Brett White,,,32,0.1,5.9,-2.5,2.0
10476,2024,40002626,Jake McLeod,,,43,0.1,5.3,-2.5,1.5
10477,2024,40003747,Robin Petersson,,,53,0.1,5.3,-1.9,0.0
10478,2024,40005012,Cameron Sisk,,,34,0.1,5.2,-2.1,0.8
10479,2024,40002191,Wade Binfield,,,24,0.1,5.2,-1.4,0.0
10507,2024,40004946,John Murphy,,,70,0.1,7.0,-1.4,0.0
10508,2024,40004939,Daiki Imano,,,46,0.1,5.7,-4.3,4.5
10512,2024,40004306,Luke Schniederjans,,,34,0.1,5.3,-1.9,1.1
10502,2024,40001690,Andrew Yun,,,58,0.1,5.7,-2.0,0.0
10504,2024,40005135,Frederik Birkelund,,,51,0.1,5.4,-1.7,0.8
10505,2024,40002374,Chase Parker,,,50,0.1,5.3,-1.2,0.0
10497,2024,40002543,Dominic Foos,,,54,0.1,5.5,-1.9,0.2
10498,2024,40002157,Raul Pereda,,,45,0.1,5.3,-2.8,2.0
10499,2024,40003123,Andrew Martin,,,54,0.1,6.2,-4.6,5.4
10500,2024,40003175,Sung-Ho Lee,,,49,0.1,5.6,-2.2,1.6
10518,2024,40002892,CJ Plessis,,,62,0.1,6.3,-1.0,0.2
10519,2024,40000095,Ricky Barnes,,,32,0.1,5.1,-1.1,0.0
10516,2024,40002948,Sungmin Cho,,,57,0.1,5.7,-1.1,0.0
10521,2024,40002621,Anton Karlsson,,,75,0.1,6.7,-2.1,0.9
10522,2024,40000569,Gavin Hall,,,36,0.1,5.6,-3.0,2.9
10523,2024,40005699,Soren Broholt Lind,,,59,0.1,5.9,-1.1,0.9
10524,2024,40000182,Scott Brown,,,62,0.1,6.2,-1.5,0.0
10532,2024,40003446,Ruan Korb,,,76,0.1,6.6,-2.1,1.0
10533,2024,40002799,Dodge Kemmer,,,50,0.1,5.2,-2.9,2.0
10534,2024,40005558,Charlie Hillier,,,33,0.1,5.3,-2.0,1.6
10528,2024,40003368,Dylan Perry,,,41,0.1,5.1,-1.1,0.2
10529,2024,40005713,Connor McKinney,,,46,0.1,5.3,-1.9,1.3
10530,2024,40002883,Honney Baisoya,,,67,0.1,6.9,-2.8,2.4
10578,2024,40005797,Adam Andersson,,,59,0.1,6.1,-0.4,0.0
10565,2024,40003091,Md Zamal Hossain,,,42,0.1,5.4,-0.4,0.0
10566,2024,40003570,Derek Oland,,,26,0.1,5.3,-0.4,0.0
10567,2024,40003710,Rowin Caron,,,24,0.1,5.6,-0.3,0.0
10584,2024,40005123,Shiso Go,,,43,0.1,5.4,-0.3,0.0
10585,2024,40005798,Suttinon Panyo,,,37,0.1,5.3,-1.3,1.3
10586,2024,40005406,Gwanwoo Ma,,,51,0.1,5.5,-0.2,0.0
10587,2024,40005118,Genki Okada,,,43,0.1,5.6,-0.1,0.0
10580,2024,40001629,Jordan Zunic,,,59,0.1,6.8,-4.2,5.1
10581,2024,40002803,Haraldur Magnus,,,46,0.1,6.1,-3.6,5.0
10582,2024,40001041,Toshinori Muto,,,59,0.1,6.2,-0.2,0.0
10597,2024,40003603,Kade McBride,,,43,0.1,5.8,-2.5,3.7
10594,2024,40005771,Yuto Katsumata,,,40,0.1,5.4,-0.2,0.0
10589,2024,40002942,Pawin Ingkhapradit,,,66,0.1,6.6,-0.6,0.2
10590,2024,40005549,Gordon Sargent,,,7,0.1,5.3,-0.3,0.0
10591,2024,40003294,Davey Porsius,,,42,0.1,5.8,0.0,0.0
10600,2024,40003290,Kiet Van Der Weele,,,32,0.1,5.5,-0.1,0.0
10601,2024,40005802,Sam Jean,,,12,0.1,5.4,-0.2,0.0
10606,2024,40005211,Jorge Villar,,,62,0.1,7.2,-3.5,6.1
10544,2024,40002737,Christopher Feldborg-Nielsen,,,66,0.1,6.6,-0.9,0.0
10557,2024,40004944,Josh Hilleard,,,45,0.1,5.5,-0.4,0.0
10561,2024,40003548,Trevor Simsby,,,41,0.1,6.1,-4.1,5.5
10562,2024,40003402,David Boote,,,67,0.1,6.7,-0.8,0.0
10563,2024,40000469,Stephen Gallacher,,,53,0.1,5.9,-4.2,4.8
10569,2024,40003257,Linus Lilliedahl,,,37,0.1,5.4,-0.4,0.0
10570,2024,40004128,Cole Madey,,,37,0.1,5.1,-1.1,0.7
10571,2024,40000256,Tomas Cocha,,,40,0.1,6.0,-4.2,5.7
10572,2024,40003549,Alex Weiss,,,50,0.1,6.0,-3.2,4.3
10573,2024,40001416,Hudson Swafford,,,25,0.1,5.9,0.0,0.0
10574,2024,40003659,Marcos Montenegro,,,41,0.1,5.9,-2.7,3.5
10575,2024,40000337,David Dixon,,,37,0.1,5.7,-0.1,0.0
10526,2024,40003372,Isidro Benitez,,,51,0.1,5.8,-3.7,4.3
10536,2024,40002064,Osang Kwon,,,51,0.1,5.4,-0.7,0.0
10540,2024,40003460,Matthew Wolff,,,3,0.1,5.4,-3.9,4.3
10538,2024,40004706,Daisuke Yasumoto,,,62,0.1,6.2,-0.9,0.0
10552,2024,40000132,Adam Bland,,,57,0.1,5.9,-3.1,2.4
10553,2024,40002293,Joel Thelen,,,49,0.1,5.3,-0.6,0.0
10554,2024,40003724,Thomas Sloman,,,42,0.1,6.0,-3.9,5.0
10555,2024,40002743,Inn Choon Hwang,,,53,0.1,5.6,-2.1,2.2
10546,2024,40000151,Gary Boyd,,,58,0.1,5.8,-0.4,0.0
10547,2024,40004180,Niklas Regner,,,65,0.1,6.3,-1.8,0.9
10548,2024,40001754,Toni Hakula,,,21,0.1,5.3,-1.7,1.3
10549,2024,40005783,Junhong Park,,,36,0.1,5.2,-0.7,0.0
10550,2024,40000088,Blayne Barber,,,36,0.1,5.3,-0.7,0.0
10740,2024,40000126,Thomas Bjorn,,,38,0.1,5.3,-1.5,3.6
10733,2024,40002972,Sengyong Kim,,,51,0.1,5.3,-1.3,2.6
10745,2024,40005457,Teayang Jung,,,46,0.1,5.7,-2.4,4.4
10748,2024,40005605,Spencer Cross,,,12,0.1,5.5,-1.4,3.1
10717,2024,40005961,Shun Niimura,,,29,0.1,5.4,-0.2,4.9
10720,2024,40002921,Masashi Hidaka,,,58,0.1,6.6,-2.2,5.8
10721,2024,40005837,Connor Howe,,,32,0.1,5.7,-1.4,3.6
10722,2024,40004963,Sebastian Petersen,,,66,0.1,6.8,-0.5,6.2
10707,2024,40005750,Naoyuki Kaneda,,,51,0.1,5.4,-1.6,2.0
10700,2024,40005818,Van Holmgren,,,22,0.1,5.4,-0.2,5.6
10701,2024,40003978,Kyle Karazissis,,,34,0.1,6.0,-1.5,6.1
10702,2024,40003023,Yashas Chandra,,,57,0.1,5.6,-1.0,3.4
10703,2024,40005921,Olly Huggins,,,22,0.1,6.0,-0.8,6.9
10691,2024,40001191,Angelo Que,,,47,0.1,5.2,-0.7,2.7
10687,2024,40004936,Jaime Lopez Rivarola,,,28,0.1,5.2,-2.0,3.7
10688,2024,40005914,Weerawish Narkprachar,,,29,0.1,5.1,-0.5,3.4
10684,2024,40001668,Ricardo Celia,,,24,0.1,5.7,-2.4,5.9
10682,2024,40001606,Gunn Yang,,,33,0.1,6.0,-1.8,5.7
10669,2024,40002292,Sebastian Szirmak,,,18,0.1,5.1,-0.2,4.2
10675,2024,40003668,Ollie Osborne,,,37,0.1,5.8,-1.6,5.1
10673,2024,40001482,Dawie Van Der Walt,,,43,0.1,5.3,-1.7,3.2
10667,2024,40003030,Akshay Sharma,,,57,0.1,5.6,-0.7,2.5
10644,2024,40001493,Sebastian Vazquez,,,26,0.1,5.2,-0.6,0.7
10659,2024,40004931,Brian Carlson,,,37,0.1,5.2,-2.1,2.9
10652,2024,40002923,William Harrold,,,43,0.1,5.3,-1.2,1.8
10654,2024,40004681,YE Wocheng,,,54,0.1,5.2,-0.6,2.4
10610,2024,40005808,Jeffrey Guan,,,34,0.1,5.9,-2.2,3.6
10615,2024,40000267,Erik Compton,,,30,0.1,5.4,-2.1,4.6
10617,2024,40003473,Nathan Barbieri,,,45,0.1,5.3,-1.4,1.4
10618,2024,40002481,Jim Knous,,,32,0.1,5.2,-1.1,4.1
10624,2024,40005059,James Piot,,,17,0.1,5.3,-1.5,1.9
10631,2024,40001719,Anthony Michael,,,61,0.1,6.1,-1.7,3.2
10639,2024,40000492,Josh Geary,,,20,0.1,5.5,-2.7,4.3
10634,2024,40001212,Jake Redman,,,78,0.1,6.6,-1.3,1.5
10635,2024,40005475,Danie Van Niekerk,,,63,0.1,6.3,-0.4,2.6
10636,2024,40005829,Ervin Chang,,,54,0.1,6.2,-2.8,4.6
10637,2024,40005830,Karan pratap Singh,,,36,0.1,5.2,-1.1,1.7
10417,2024,40004901,Turk Pettit,,,33,0.1,5.2,-2.3,0.0
10418,2024,40005095,Ashton Van Horne,,,50,0.1,5.2,-2.9,0.0
10419,2024,40000073,Seuk-Hyun Baek,,,53,0.1,5.5,-3.2,0.7
10420,2024,40003683,Minjun Kim,,,55,0.1,5.5,-2.3,0.0
10421,2024,40004918,A.J. Crouch,,,37,0.1,5.6,-3.4,0.0
10425,2024,40003636,Alex Chiarella,,,46,0.1,5.3,-3.0,0.3
10423,2024,40002548,Ruaidhri McGee,,,38,0.1,5.2,-2.2,0.0
10429,2024,40003096,Emilio Cuartero Blanco,,,71,0.1,6.6,-3.8,1.2
10432,2024,40005281,Dan Erickson,,,47,0.1,5.3,-2.5,0.6
10433,2024,40002984,Liam Johnston,,,58,0.1,5.8,-3.1,0.0
10434,2024,40000735,Peter Karmis,,,53,0.1,5.6,-2.8,0.7
10435,2024,40002457,Espen Kofstad,,,45,0.1,5.2,-4.1,2.7
10436,2024,40004966,Benjamin Jones,,,45,0.1,5.1,-2.1,0.0
10452,2024,40005260,Naraajie E Ramadhan Putra,,,50,0.1,5.4,-1.7,0.1
10455,2024,40003398,Douglas Klein,,,57,0.1,6.3,-2.9,2.5
10456,2024,40000219,Miguel Angel Carballo,,,71,0.1,7.8,-4.8,4.5
10457,2024,40002522,Katsumasa Miyamoto,,,43,0.1,5.4,-1.5,0.0
10458,2024,40001254,Rory Sabbatini,,,36,0.1,5.3,-1.6,0.0
10438,2024,40004080,Austin Bautista,,,61,0.1,6.1,-2.0,0.3
10439,2024,40001860,Bo Hoag,,,46,0.1,5.6,-4.1,1.7
10440,2024,40003176,Jae-Ho Kim,,,57,0.1,5.6,-2.0,0.0
10441,2024,40000653,Charles Howell III,,,13,0.1,5.3,-1.7,0.0
10442,2024,40004524,Peter Knade,,,50,0.1,5.5,-2.9,1.7
10443,2024,40000001,Bubba Watson,,,14,0.1,5.9,-1.3,0.0
10447,2024,40005715,Pattaraphol Khanthacha,,,41,0.1,5.3,-2.1,0.6
10445,2024,40004133,David Kim,,,32,0.1,5.3,-2.2,0.7
10397,2024,40005296,Ryo Noro,,,55,0.1,5.9,-3.4,1.8
10387,2024,40000563,Brandon Hagy,,,54,0.1,5.5,-4.4,0.0
10381,2024,40005415,Michael Stewart,,,57,0.1,5.6,-2.5,0.1
10389,2024,40003353,Zach Murray,,,57,0.1,6.3,-4.9,1.7
10390,2024,40003415,Wynand Dingle,,,75,0.1,7.0,-5.3,2.7
10391,2024,40001137,Pat Perez,,,20,0.1,5.9,-2.0,0.0
10403,2024,40000966,Brandon McIver,,,28,0.1,5.4,-2.3,0.0
10401,2024,40005749,Taichi Kimura,,,53,0.1,5.6,-3.4,1.6
10409,2024,40002795,Brandon Matthews,,,63,0.1,6.4,-3.4,0.0
10406,2024,40003350,Sungkug Park,,,62,0.1,6.2,-4.3,2.6
10407,2024,40002111,Jarin Todd,,,40,0.1,5.3,-2.3,0.0
10413,2024,40002890,Akio Sadakata,,,57,0.1,5.7,-2.9,0.4
10415,2024,40002709,Axel Boasson,,,50,0.1,5.3,-3.0,0.7
10378,2024,40003816,Stefan Wears-Taylor,,,67,0.1,7.7,-7.7,6.2
10373,2024,40002602,Oscar Lengdén,,,47,0.1,5.1,-2.9,0.0
10368,2024,40000737,Shingo Katayama,,,45,0.1,5.3,-3.9,1.4
10365,2024,40002220,Colin Featherstone,,,36,0.1,5.5,-2.8,0.0
10358,2024,40001100,Hennie Otto,,,59,0.1,6.1,-5.1,1.4
10353,2024,40002813,Han Lee,,,61,0.1,6.1,-4.4,1.1
10347,2024,40002477,Sam Brazel,,,40,0.1,6.2,-4.1,2.0
10348,2024,40000213,Alejandro Canizares,,,49,0.1,5.3,-4.1,0.6
10350,2024,40003206,Cooper Musselman,,,37,0.1,5.8,-4.2,1.8
10319,2024,40003138,Mateusz Gradecki,,,76,0.1,6.7,-5.4,0.3
10315,2024,40002588,Won Joon Lee,,,43,0.1,5.8,-5.3,2.2
10312,2024,40003780,Hennie O'Kennedy,,,74,0.1,7.4,-7.2,3.2
10321,2024,40003411,Albert Venter,,,79,0.1,6.8,-5.8,1.0
10323,2024,40000620,Jim Herman,,,46,0.1,5.8,-4.7,1.2
10324,2024,40001264,Ricardo Santos,,,45,0.1,5.5,-4.3,0.6
10325,2024,40001819,Alan Wagner,,,38,0.1,5.7,-3.7,0.3
10345,2024,40000356,David Drysdale,,,55,0.1,6.4,-5.9,1.4
10342,2024,40004112,Spencer Ralston,,,50,0.1,5.2,-3.8,0.5
10343,2024,40000719,Kyle Jones,,,40,0.1,5.9,-5.3,3.2
10338,2024,40003061,Javier Sainz,,,71,0.1,7.4,-6.6,4.5
10339,2024,40003689,Joakim Wikstrom,,,43,0.1,5.3,-3.5,0.1
10340,2024,40003767,Tom Power Horan,,,62,0.1,6.6,-4.3,2.2
10331,2024,40000808,Andrew Landry,,,45,0.1,5.6,-3.4,0.0
10333,2024,40000438,Martin Flores,,,33,0.1,5.5,-3.7,0.0
10334,2024,40003670,John Lyras,,,33,0.1,5.3,-3.6,0.1
10335,2024,40004734,Matias Honkala,,,53,0.1,6.1,-5.4,3.4
10336,2024,40002742,Jared Wolfe,,,53,0.1,5.9,-6.4,3.2
10248,2024,40001044,Kevin Na,,,16,0.1,5.6,-4.8,0.0
10256,2024,40000050,Mark D. Anderson,,,41,0.1,5.3,-5.7,0.0
10280,2024,40002619,Shintaro Kobayashi,,,68,0.1,7.8,-7.6,3.3
10281,2024,40004691,Scott Stevens,,,42,0.1,5.2,-4.6,0.0
10273,2024,40001305,Justin Shin,,,63,0.1,7.4,-8.3,4.3
10263,2024,40005374,Velten Meyer,,,63,0.1,7.1,-9.3,4.2
10266,2024,40000588,Scott Harrington,,,53,0.1,6.1,-8.9,2.7
10269,2024,40002815,Micah Shin,,,22,0.1,5.9,-4.3,0.0
10284,2024,40001396,Brian Stuard,,,47,0.1,5.9,-8.8,2.9
10305,2024,40001664,Anders Albertson,,,34,0.1,5.6,-3.9,0.0
10297,2024,40002671,Alfie Plant,,,66,0.1,7.4,-9.7,6.2
10298,2024,40001487,Jaco Van Zyl,,,66,0.1,7.8,-7.0,3.3
10303,2024,40001543,Lee Westwood,,,17,0.1,5.2,-4.1,0.0
10222,2024,40000507,Michael Gligic,,,62,0.1,6.5,-8.3,0.6
10220,2024,40002584,Chikkarangappa S.,,,67,0.1,7.9,-7.1,1.3
10234,2024,40003328,Dylan Mostert,,,87,0.2,9.4,-9.2,5.3
10238,2024,40001394,Chris Stroud,,,37,0.1,5.5,-5.5,0.4
10209,2024,40000138,Michael Block,,,16,0.1,6.2,-5.5,0.0
10203,2024,40005073,Julien Sale,,,59,0.1,6.8,-7.7,3.5
10204,2024,40000954,Graeme McDowell,,,14,0.1,5.6,-6.0,0.0
10195,2024,40003592,Oliver Jorgensen,,,68,0.1,6.7,-8.0,0.3
10196,2024,40002951,Om Prakash Chouhan,,,67,0.1,7.7,-6.5,1.7
10200,2024,40002609,Dimi Papadatos,,,63,0.1,7.0,-8.6,0.6
